Email;Tipo_Caixa;Acao;Resultado;Detalhe;Data_Acao
mariana.lais@paulooctavio.com.br;SharedMailbox;Bloquear login;JA_BLOQUEADA;Conta já estava bloqueada;06/10/2026 16:20
luiz.santos@paulooctavio.com.br;UserMailbox;Bloquear login;JA_BLOQUEADA;Conta já estava bloqueada;06/10/2026 16:20
bruno.silva@paulooctavio.com.br;UserMailbox;Bloquear login;JA_BLOQUEADA;Conta já estava bloqueada;06/10/2026 16:20
adriano.silva@tgs.com.br;UserMailbox;Bloquear login;BLOQUEADA;;06/10/2026 16:20
daniel.vitoriano@paulooctavio.com.br;UserMailbox;Bloquear login;BLOQUEADA;;06/10/2026 16:20
jefferson.queiroz@terracoshopping.com.br;UserMailbox;Bloquear login;JA_BLOQUEADA;Conta já estava bloqueada;06/10/2026 16:20
lucas.silva@jkshoppingdf.com.br;SharedMailbox;Bloquear login;JA_BLOQUEADA;Conta já estava bloqueada;06/10/2026 16:20
ceop@numberonedf.com.br;UserMailbox;Bloquear login;BLOQUEADA;;06/10/2026 16:20
priscilla.lacerda@jkshoppingdf.com.br;UserMailbox;Bloquear login;JA_BLOQUEADA;Conta já estava bloqueada;06/10/2026 16:20
nilson.morais@paulooctavio.com.br;UserMailbox;Bloquear login;BLOQUEADA;;06/10/2026 16:20
rogerio.leao@paulooctavio.com.br;UserMailbox;Bloquear login;BLOQUEADA;;06/10/2026 16:20
antonio.sousa@superquadrasrecanto.com.br;UserMailbox;Bloquear login;BLOQUEADA;;06/10/2026 16:20
thiago.fonseca@terracoshopping.com.br;UserMailbox;Bloquear login;BLOQUEADA;;06/10/2026 16:20
heliane.goncalves@terracoshopping.com.br;UserMailbox;Bloquear login;BLOQUEADA;;06/10/2026 16:20
wilton.salvador@paulooctavio.com.br;SharedMailbox;Bloquear login;BLOQUEADA;;06/10/2026 16:20
julia.souza@jkshoppingdf.com.br;UserMailbox;Bloquear login;BLOQUEADA;;06/10/2026 16:20
