Email;Nome;Tipo_Caixa;Licenças;Ultima_Atividade;Dias_Inativa;Na_Whitelist;Classificacao
adriano.sousa@brasiliashopping.com.br;Adriano Sousa da Costa;SharedMailbox;EXCHANGE ONLINE KIOSK;05/08/2026;62;Não;ATIVA
volnei.rocha@tgs.com.br;Volnei Rocha;UserMailbox;MICROSOFT 365 BUSINESS STANDARD, MICROSOFT FABRIC (FREE);23/09/2026;13;Não;ATIVA
marcelo.souza@jkshoppingdf.com.br;Marcelo da Silva Souza;UserMailbox;MICROSOFT 365 BUSINESS STANDARD;23/09/2026;13;Não;ATIVA
carla.santos@tgs.com.br;Carla Patricia Brito dos Santos;UserMailbox;MICROSOFT 365 BUSINESS BASIC;23/09/2026;13;Não;ATIVA
limpeza@tgs.com.br;Limpeza Taguatinga;UserMailbox;EXCHANGE ONLINE (PLAN 1);23/09/2026;13;Sim;WHITELIST
torres@tgs.com.br;Torres Taguatinga Shopping;UserMailbox;EXCHANGE ONLINE (PLAN 1);23/09/2026;13;Sim;WHITELIST
gilvan.silva@jkshoppingdf.com.br;Gilvan Eduardo da Silva;UserMailbox;MICROSOFT 365 BUSINESS STANDARD, MICROSOFT POWER AUTOMATE FREE;23/09/2026;13;Não;ATIVA
luzia.lira@brasiliashopping.com.br;Luzia Vieira Lira;UserMailbox;MICROSOFT 365 BUSINESS BASIC;23/09/2026;13;Não;ATIVA
carlos.silva@brasiliashopping.com.br;Carlos Eduardo Souza e Silva;UserMailbox;MICROSOFT 365 BUSINESS STANDARD;23/09/2026;13;Não;ATIVA
liliane.togo@terracoshopping.com.br;Liliane Kakumori;UserMailbox;MICROSOFT 365 BUSINESS STANDARD;23/09/2026;13;Não;ATIVA
luzeni.oliveira@tgs.com.br;Luzeni Ana de Oliviera;UserMailbox;MICROSOFT 365 BUSINESS STANDARD;23/09/2026;13;Não;ATIVA
fabricio.silva@tgs.com.br;Fabricio Brito Silva;UserMailbox;MICROSOFT 365 BUSINESS STANDARD;23/09/2026;13;Não;ATIVA
verissimo.junior@cscpaulooctavio.com.br;Verissimo Junior;UserMailbox;MICROSOFT 365 BUSINESS STANDARD;31/08/2026;36;Não;ATIVA
higor.moraes@tgs.com.br;Higor José Araújo de Moraes;SharedMailbox;MICROSOFT POWER AUTOMATE FREE, PLANNER AND PROJECT PLAN 3, MICROSOFT 365 BUSINESS STANDARD;23/09/2026;13;Não;ATIVA
jeaninne.oliveira@jkshoppingdf.com.br;Jeaninne Rodrigues de Oliveira;UserMailbox;MICROSOFT 365 BUSINESS STANDARD;23/09/2026;13;Não;ATIVA
daniel.silva@jkshoppingdf.com.br;Daniel Souza e Silva;UserMailbox;POWER BI PRO, MICROSOFT 365 BUSINESS STANDARD, MICROSOFT POWER AUTOMATE FREE;23/09/2026;13;Não;ATIVA
rayanne.dourado@jkshoppingdf.com.br;Rayanne Marcal Pires Dourado;UserMailbox;MICROSOFT 365 BUSINESS STANDARD;23/09/2026;13;Não;ATIVA
renata.monnerat@brasiliashopping.com.br;Renata Monnerat de Souza;UserMailbox;MICROSOFT 365 BUSINESS STANDARD, POWER BI PRO;23/09/2026;13;Não;ATIVA
edvar.filho@cscpaulooctavio.com.br;Edvar Filho;UserMailbox;MICROSOFT 365 BUSINESS STANDARD, POWER BI PRO, MICROSOFT POWER AUTOMATE FREE, POWER PAGES VTRIAL FOR MAKERS;23/09/2026;13;Não;ATIVA
lais.torres@pomidia.com.br;Laís Alves de Oliveira Torres;UserMailbox;MICROSOFT 365 BUSINESS STANDARD;23/09/2026;13;Não;ATIVA
noreply@taguatingashopping.com.br;noreply;UserMailbox;EXCHANGE ONLINE KIOSK;Nunca Acessada;999;Sim;WHITELIST
contato@tgssolidario.com.br;contato TGS solidario;UserMailbox;MICROSOFT 365 BUSINESS STANDARD;23/09/2026;13;Não;ATIVA
giuseppe.labanca@cscpaulooctavio.com.br;Giuseppe Labanca;UserMailbox;MICROSOFT 365 BUSINESS STANDARD, MICROSOFT POWER AUTOMATE FREE;23/09/2026;13;Não;ATIVA
bruno.oliveira@brasiliashopping.com.br;Bruno Oliveira;UserMailbox;MICROSOFT POWER AUTOMATE FREE, MICROSOFT 365 BUSINESS STANDARD;23/09/2026;13;Não;ATIVA
sac@terracoshopping.com.br;SAC Terraço Shopping;SharedMailbox;EXCHANGE ONLINE KIOSK;04/11/2020;2162;Sim;WHITELIST
fernando.marques@terracoshopping.com.br;Fernando Ferreira Marques;UserMailbox;MICROSOFT 365 BUSINESS STANDARD;23/09/2026;13;Não;ATIVA
marcelo.mattos@cscpaulooctavio.com.br;Marcelo Mattos Vitalino;UserMailbox;MICROSOFT 365 BUSINESS STANDARD, MICROSOFT FABRIC (FREE);18/09/2026;18;Não;ATIVA
alexandro.melo@terracoshopping.com.br;Alexandro Malheiros de Melo;UserMailbox;MICROSOFT 365 BUSINESS BASIC;11/09/2026;25;Não;ATIVA
notafiscal@cscpo.com.br;nota fiscal;UserMailbox;EXCHANGE ONLINE (PLAN 1);07/10/2022;1460;Sim;WHITELIST
marketing@jkshoppingdf.com.br;Marketing JK;UserMailbox;EXCHANGE ONLINE (PLAN 1);Nunca Acessada;999;Sim;WHITELIST
jhonatan.silva@cscpaulooctavio.com.br;Jhonatan Dias da Silva;UserMailbox;MICROSOFT POWER AUTOMATE FREE, MICROSOFT POWER APPS FOR DEVELOPER, OFFICE 365 E5;23/09/2026;13;Não;ATIVA
vaine.reis@cscpaulooctavio.com.br;Vaine Alves dos Reis;UserMailbox;MICROSOFT FABRIC (FREE), MICROSOFT 365 BUSINESS STANDARD;23/09/2026;13;Não;ATIVA
josiel.souza@manhattanshopping.com.br;Josiel Tolentino de Souza;UserMailbox;MICROSOFT 365 BUSINESS STANDARD;23/09/2026;13;Não;ATIVA
samuel.costa@cscshoppingspaulooctavio.com.br;Samuel Costa;UserMailbox;MICROSOFT 365 BUSINESS STANDARD;23/09/2026;13;Não;ATIVA
gabriel.silva@terracoshopping.com.br;Gabriel Ferreira da Silva;UserMailbox;MICROSOFT POWER AUTOMATE FREE, POWER BI PRO, MICROSOFT 365 BUSINESS STANDARD;22/09/2026;14;Não;ATIVA
vivian.santos@cscpaulooctavio.com.br;Vivian  Alexia Magalhães dos Santos;UserMailbox;MICROSOFT 365 BUSINESS STANDARD;23/09/2026;13;Não;ATIVA
samara.ribeiro@cscpaulooctavio.com.br;SAMARA MARTINS RIBEIRO;UserMailbox;MICROSOFT 365 BUSINESS STANDARD;23/09/2026;13;Não;ATIVA
jackson.santos@brasiliashopping.com.br;Jackson Santos;UserMailbox;MICROSOFT 365 BUSINESS STANDARD, MICROSOFT FABRIC (FREE), MICROSOFT POWER AUTOMATE FREE;23/09/2026;13;Não;ATIVA
lucas.honorio@terracoshopping.com.br;Lucas Honório da Silva;UserMailbox;MICROSOFT 365 BUSINESS STANDARD;23/09/2026;13;Não;ATIVA
tiago.silva@terracoshopping.com.br;Tiago Lima Silva;UserMailbox;MICROSOFT 365 BUSINESS STANDARD, POWER BI PRO;23/09/2026;13;Não;ATIVA
andre.medeiros@terracoshopping.com.br;Andre Freire de Medeiros;UserMailbox;EXCHANGE ONLINE (PLAN 1);23/09/2026;13;Não;ATIVA
dalvaneide.amorim@terracoshopping.com.br;Maria Dalvaneide do Nascimento Amorim;UserMailbox;MICROSOFT 365 BUSINESS STANDARD;23/09/2026;13;Não;ATIVA
eduardo.azevedo@tgs.com.br;Eduardo Santos de Azevedo;UserMailbox;MICROSOFT 365 BUSINESS BASIC, MICROSOFT FABRIC (FREE);23/09/2026;13;Não;ATIVA
antonio.silva@jkshoppingdf.com.br;Antonio Urcesino da Silva;UserMailbox;EXCHANGE ONLINE KIOSK;22/09/2026;14;Não;ATIVA
edilberto.barros@tgs.com.br;Edilberto Barros;UserMailbox;EXCHANGE ONLINE (PLAN 1);21/09/2026;15;Não;ATIVA
jamersson.silva@tgs.com.br;Jamersson Jose da Silva;UserMailbox;EXCHANGE ONLINE (PLAN 1);23/09/2026;13;Não;ATIVA
rodrigo.albuquerque@tgs.com.br;Rodrigo Costa Albuquerque;UserMailbox;EXCHANGE ONLINE (PLAN 1);Nunca Acessada;999;Não;REVISAR (NUNCA ACESSADA)
daniel.paulo@tgs.com.br;Daniel de Paulo;UserMailbox;EXCHANGE ONLINE (PLAN 1);23/09/2026;13;Não;ATIVA
silvio.santos@jkshoppingdf.com.br;Silvio Fernandes dos Santos;UserMailbox;EXCHANGE ONLINE (PLAN 1);23/09/2026;13;Não;ATIVA
gentil.netto@jkshoppingdf.com.br;Gentil Generoso de Noronha Netto;UserMailbox;MICROSOFT POWER AUTOMATE FREE, EXCHANGE ONLINE (PLAN 1);23/09/2026;13;Não;ATIVA
rogerio.silva@jkshoppingdf.com.br;Rogerio Sebastiao Mendes da Silva;UserMailbox;EXCHANGE ONLINE (PLAN 1);22/09/2026;14;Não;ATIVA
sebastiao.ovides@terracoshopping.com.br;Sebastiao Ovides Ativo;UserMailbox;EXCHANGE ONLINE (PLAN 1);23/09/2026;13;Não;ATIVA
jeovani.barros@tgs.com.br;Jeovani Lopes de Barros Silva;UserMailbox;EXCHANGE ONLINE (PLAN 1);Nunca Acessada;999;Não;REVISAR (NUNCA ACESSADA)
damiana.santos@jkshoppingdf.com.br;Damiana Regina dos Santos;UserMailbox;EXCHANGE ONLINE (PLAN 1);22/09/2026;14;Não;ATIVA
adriano.torres@terracoshopping.com.br;Adriano Vieira Torres;UserMailbox;EXCHANGE ONLINE (PLAN 1);22/09/2026;14;Não;ATIVA
andre.dantas@terracoshopping.com.br;Andre Rodrigues Dantas Roriz;UserMailbox;EXCHANGE ONLINE (PLAN 1);22/09/2026;14;Não;ATIVA
ruth.alencar@terracoshopping.com.br;Ruth da Silva Alencar;UserMailbox;EXCHANGE ONLINE (PLAN 1);23/09/2026;13;Não;ATIVA
helyever.santos@brasiliashopping.com.br;Helyever Pereira dos Santos;UserMailbox;MICROSOFT 365 BUSINESS STANDARD, MICROSOFT POWER AUTOMATE FREE;21/06/2024;837;Sim;WHITELIST
jose.neto@brasiliashopping.com.br;Jose Tavares da Silva Neto;UserMailbox;EXCHANGE ONLINE (PLAN 1);Nunca Acessada;999;Não;REVISAR (NUNCA ACESSADA)
luis.santos@tgs.com.br;Luis Rodrigues dos Santos;UserMailbox;EXCHANGE ONLINE (PLAN 1);Nunca Acessada;999;Não;REVISAR (NUNCA ACESSADA)
jailton.oliveira@jkshoppingdf.com.br;Jailton do Carmo Oliveira;UserMailbox;EXCHANGE ONLINE (PLAN 1);22/09/2026;14;Não;ATIVA
fabio.ferreira@jkshoppingdf.com.br;Fabio William Ferreira;UserMailbox;EXCHANGE ONLINE KIOSK;22/09/2026;14;Não;ATIVA
uendel.pereira@jkshoppingdf.com.br;Uendel Mendes Pereira;UserMailbox;EXCHANGE ONLINE (PLAN 1);23/09/2026;13;Não;ATIVA
jernando.neves@jkshoppingdf.com.br;Jernando Almeida Neves;UserMailbox;EXCHANGE ONLINE (PLAN 1);16/09/2026;20;Não;ATIVA
marcia.oliveira@terracoshopping.com.br;Marcia Alves de Oliveira Ativo;UserMailbox;EXCHANGE ONLINE (PLAN 1);19/09/2026;17;Não;ATIVA
ailton.araujo@jkshoppingdf.com.br;Ailton Ferreira de Araujo Junior;UserMailbox;EXCHANGE ONLINE (PLAN 1);23/09/2026;13;Não;ATIVA
jandira.bernardes@jkshoppingdf.com.br;Jandira Teles dos Santos Bernardes;UserMailbox;EXCHANGE ONLINE (PLAN 1);28/08/2026;39;Não;ATIVA
maria.tavares@jkshoppingdf.com.br;Maria Camila Mendes Tavares;UserMailbox;EXCHANGE ONLINE (PLAN 1);23/09/2026;13;Não;ATIVA
cristiano.oliveira@terracoshopping.com.br;Cristiano da Silva de Oliveira;UserMailbox;MICROSOFT 365 BUSINESS STANDARD;23/09/2026;13;Não;ATIVA
csp@cscpo.com.br;CSP Consultoria;UserMailbox;POWER BI PRO, MICROSOFT 365 BUSINESS BASIC;28/09/2022;1469;Sim;WHITELIST
francisco.coelho@jkshoppingdf.com.br;Francisco Aluisio Mota Coelho;UserMailbox;MICROSOFT 365 BUSINESS BASIC;15/09/2026;21;Não;ATIVA
jorge.assuncao@jkshoppingdf.com.br;Jorge Henrique de Lima Assunção;UserMailbox;MICROSOFT FABRIC (FREE), EXCHANGE ONLINE (PLAN 1);23/09/2026;13;Não;ATIVA
elica.vieira@jkshoppingdf.com.br;Elica Dantas Vieira;UserMailbox;MICROSOFT 365 BUSINESS STANDARD;22/09/2026;14;Não;ATIVA
luciana.silva@terracoshopping.com.br;Luciana Cristina Ferreira Silva;UserMailbox;MICROSOFT 365 BUSINESS STANDARD;23/09/2026;13;Não;ATIVA
jefferson.queiroz@terracoshopping.com.br;Jefferson Malta de Queiroz;UserMailbox;EXCHANGE ONLINE (PLAN 1);31/03/2026;189;Não;CANDIDATA A BLOQUEIO
ruthneia.candeias@terracoshopping.com.br;Ruthneia  de Oliveira Candeias;UserMailbox;EXCHANGE ONLINE (PLAN 1);30/08/2026;37;Não;ATIVA
heliane.goncalves@terracoshopping.com.br;Heliane Fabiano Gonçalves;UserMailbox;EXCHANGE ONLINE KIOSK;27/06/2026;101;Não;CANDIDATA A BLOQUEIO
kevyn.abreu@terracoshopping.com.br;Kevyn Andrew de Sousa Abreu;UserMailbox;EXCHANGE ONLINE (PLAN 1);26/08/2026;41;Não;ATIVA
dauriane.silva@terracoshopping.com.br;Dauriane  Brasil da Silva;UserMailbox;MICROSOFT POWER AUTOMATE FREE, EXCHANGE ONLINE (PLAN 1);22/09/2026;14;Não;ATIVA
juliana.vieira@terracoshopping.com.br;Juliana  Fernandes Vieira;UserMailbox;EXCHANGE ONLINE (PLAN 1);23/09/2026;13;Não;ATIVA
fabio.alves@jkshoppingdf.com.br;Fabio  Diniz Rocha Alves;UserMailbox;MICROSOFT 365 BUSINESS STANDARD;23/09/2026;13;Não;ATIVA
luiz.neto@jkshoppingdf.com.br;Luiz  Lourenco Rodrigues Neto;UserMailbox;MICROSOFT 365 BUSINESS BASIC;22/09/2026;14;Não;ATIVA
liliane.porto@terracoshopping.com.br;Liliane  Rodrigues Porto;UserMailbox;EXCHANGE ONLINE (PLAN 1);13/09/2026;23;Não;ATIVA
priscila.xavier@jkshoppingdf.com.br;Priscila  Alves Xavier;UserMailbox;EXCHANGE ONLINE KIOSK;19/09/2026;17;Não;ATIVA
lumara.rodrigues@jkshoppingdf.com.br;Lumara  Raquel Silva Rodrigues;UserMailbox;EXCHANGE ONLINE (PLAN 1);22/09/2026;14;Não;ATIVA
deysiane.silva@jkshoppingdf.com.br;Deysiane  Moreira da Silva;UserMailbox;MICROSOFT POWER AUTOMATE FREE, MICROSOFT FABRIC (FREE), MICROSOFT 365 BUSINESS STANDARD;23/09/2026;13;Não;ATIVA
itallo.santos@jkshoppingdf.com.br;Itallo  Rodrigues dos Santos;UserMailbox;MICROSOFT POWER AUTOMATE FREE, EXCHANGE ONLINE (PLAN 1);23/09/2026;13;Não;ATIVA
karen.vieira@jkshoppingdf.com.br;Karen  Amanda Carvalho Vieira;UserMailbox;EXCHANGE ONLINE KIOSK;23/09/2026;13;Não;ATIVA
bruna.cruz@jkshoppingdf.com.br;Bruna  Alves da Cruz;UserMailbox;MICROSOFT BUSINESS CENTER, MICROSOFT 365 BUSINESS BASIC;23/09/2026;13;Não;ATIVA
jordania.lima@jkshoppingdf.com.br;Jordania  Alves Lima;UserMailbox;MICROSOFT FABRIC (FREE), EXCHANGE ONLINE (PLAN 1);23/09/2026;13;Não;ATIVA
nubia.rocha@jkshoppingdf.com.br;Nubia  Mori Rocha;UserMailbox;EXCHANGE ONLINE (PLAN 1);22/09/2026;14;Não;ATIVA
davi.gomes@tgs.com.br;Davi  Costa Vieira de Souza Gomes;UserMailbox;MICROSOFT 365 BUSINESS STANDARD;23/09/2026;13;Não;ATIVA
carlos.teixeira@tgs.com.br;Carlos  Antônio Teixeira;UserMailbox;MICROSOFT 365 BUSINESS BASIC;23/09/2026;13;Não;ATIVA
anderson.pereira@tgs.com.br;Anderson  Rezende Pereira;UserMailbox;EXCHANGE ONLINE (PLAN 1), MICROSOFT POWER AUTOMATE FREE, MICROSOFT FABRIC (FREE);23/09/2026;13;Não;ATIVA
amanda.borges@brasiliashopping.com.br;Amanda Araújo Landim Borges;UserMailbox;MICROSOFT 365 BUSINESS STANDARD;23/09/2026;13;Não;ATIVA
geanete.pontes@brasiliashopping.com.br;Geanete da Silva Pontes;UserMailbox;MICROSOFT 365 BUSINESS STANDARD;23/09/2026;13;Não;ATIVA
michelle.sousa@brasiliashopping.com.br;Michelle Lacerda de Sousa;UserMailbox;EXCHANGE ONLINE (PLAN 1);21/09/2026;15;Não;ATIVA
raissa.silva@brasiliashopping.com.br;Raissa Pereira Silva;UserMailbox;EXCHANGE ONLINE (PLAN 1);22/09/2026;14;Não;ATIVA
processos@cscpaulooctavio.com.br;processos csc;UserMailbox;EXCHANGE ONLINE KIOSK;14/10/2025;357;Sim;WHITELIST
celson.pereira@tgs.com.br;Celson Angelo Pereira;UserMailbox;EXCHANGE ONLINE (PLAN 1);21/09/2026;15;Não;ATIVA
diego.santos@tgs.com.br;Diego Souza dos Santos;UserMailbox;MICROSOFT 365 BUSINESS STANDARD;18/09/2026;18;Não;ATIVA
israel.oliveira@tgs.com.br;Israel Barbosa de Oliveira;UserMailbox;MICROSOFT 365 BUSINESS STANDARD, MICROSOFT POWER AUTOMATE FREE;23/09/2026;13;Não;ATIVA
vitor.martins@jkshoppingdf.com.br;Vitor Manoel Ribeiro Martins;UserMailbox;MICROSOFT 365 BUSINESS STANDARD;23/09/2026;13;Não;ATIVA
sumara.dornelas@cscpaulooctavio.com.br;Maria Sumara De Lima Dornelas;UserMailbox;MICROSOFT 365 BUSINESS STANDARD;23/09/2026;13;Não;ATIVA
kattyanny.bento@terracoshopping.com.br;Kattyanny Correa Soares Bento;UserMailbox;MICROSOFT 365 BUSINESS STANDARD;23/09/2026;13;Não;ATIVA
michel.ribeiro@terracoshopping.com.br;Michel Rocha Ribeiro;UserMailbox;EXCHANGE ONLINE (PLAN 1);20/09/2026;16;Não;ATIVA
julia.brito@tgs.com.br;Júlia Stephanie Silva Brito;UserMailbox;MICROSOFT 365 BUSINESS STANDARD;22/09/2026;14;Não;ATIVA
ygor.vieira@brasiliashopping.com.br;Ygor Luz Vieira;UserMailbox;MICROSOFT 365 BUSINESS STANDARD;21/09/2026;15;Não;ATIVA
karine.monteiro@brasiliashopping.com.br;Karine cordeiro Monteiro;UserMailbox;EXCHANGE ONLINE (PLAN 1);20/09/2026;16;Não;ATIVA
caue.americo@tgs.com.br;Caue Souza Americo;UserMailbox;MICROSOFT 365 BUSINESS STANDARD;23/09/2026;13;Não;ATIVA
eros.medeiros@cscpaulooctavio.com.br;Eros Medeiros;UserMailbox;MICROSOFT 365 BUSINESS STANDARD;19/09/2026;17;Não;ATIVA
samuel.alves@cscpaulooctavio.com.br;Samuel Alves;UserMailbox;MICROSOFT 365 BUSINESS STANDARD, MICROSOFT POWER AUTOMATE FREE, MICROSOFT FABRIC (FREE), POWER BI PRO;23/09/2026;13;Não;ATIVA
marcio.araujo@cscpaulooctavio.com.br;Marcio  da silva Araujo;UserMailbox;MICROSOFT POWER AUTOMATE FREE, MICROSOFT FABRIC (FREE), MICROSOFT POWER APPS FOR DEVELOPER, POWER PAGES VTRIAL FOR MAKERS, MICROSOFT 365 BUSINESS STANDARD;23/09/2026;13;Não;ATIVA
erivan.silva@cscpaulooctavio.com.br;Erivan  Mendes Da Silva;UserMailbox;MICROSOFT POWER AUTOMATE FREE, MICROSOFT 365 BUSINESS STANDARD, POWER PAGES VTRIAL FOR MAKERS, MICROSOFT COPILOT STUDIO VIRAL TRIAL;23/09/2026;13;Não;ATIVA
nelson.junior@cscpaulooctavio.com.br;Nelson  Ferreira dos Santos Junior;UserMailbox;MICROSOFT 365 BUSINESS STANDARD, MICROSOFT POWER AUTOMATE FREE;16/09/2026;20;Não;ATIVA
jader.lobo@cscpaulooctavio.com.br;Jader  Roberto Alves Lobo;UserMailbox;MICROSOFT 365 BUSINESS STANDARD;18/09/2026;18;Não;ATIVA
genilson.rodrigues@cscpaulooctavio.com.br;Genilson  Pereira Rodrigues;UserMailbox;MICROSOFT 365 BUSINESS STANDARD;14/08/2026;53;Não;ATIVA
geralda.gomes@cscpaulooctavio.com.br;Geralda Pereira Gomes;UserMailbox;MICROSOFT 365 BUSINESS BASIC, MICROSOFT POWER AUTOMATE FREE;23/09/2026;13;Não;ATIVA
manoel.sousa@jkshoppingdf.com.br;Manoel Moreira de Sousa;UserMailbox;MICROSOFT 365 BUSINESS BASIC;Nunca Acessada;999;Não;REVISAR (NUNCA ACESSADA)
lucca.lima@cscpaulooctavio.com.br;Lucca Nogueira Lima;UserMailbox;MICROSOFT 365 BUSINESS STANDARD, MICROSOFT POWER APPS FOR DEVELOPER, MICROSOFT POWER AUTOMATE FREE;23/09/2026;13;Não;ATIVA
ismael.damasceno@tgs.com.br;Ismael de Souza Damasceno;UserMailbox;MICROSOFT 365 BUSINESS BASIC;22/09/2026;14;Não;ATIVA
ana.beserra@cscpaulooctavio.com.br;Ana Paula Pereira Beserra;UserMailbox;MICROSOFT 365 BUSINESS STANDARD;22/09/2026;14;Não;ATIVA
diempcomercial@cscpo.com.br;Diemp Comercial;UserMailbox;EXCHANGE ONLINE (PLAN 1);26/02/2026;222;Sim;WHITELIST
diempresidencial@cscpo.com.br;Diemp Residencial;UserMailbox;MICROSOFT 365 BUSINESS BASIC;09/07/2024;819;Sim;WHITELIST
damaris.silva@jkshoppingdf.com.br;Damaris Pereira da Silva;UserMailbox;MICROSOFT 365 BUSINESS BASIC;31/08/2026;36;Não;ATIVA
cobranca@cscpaulooctavio.com.br;Cobranca;UserMailbox;MICROSOFT 365 BUSINESS BASIC;21/09/2026;15;Sim;WHITELIST
mayce.tranquillini@tgs.com.br;Mayce  Tranquillini Nery Xavier;UserMailbox;POWER BI PRO, MICROSOFT 365 BUSINESS STANDARD, MICROSOFT POWER AUTOMATE FREE;20/09/2026;16;Não;ATIVA
guilherme.correa@cscpaulooctavio.com.br;Guilherme Meister Correa;UserMailbox;MICROSOFT 365 BUSINESS BASIC, MICROSOFT POWER AUTOMATE FREE, MICROSOFT FABRIC (FREE), MICROSOFT POWER APPS FOR DEVELOPER, POWER PAGES VTRIAL FOR MAKERS;22/09/2026;14;Não;ATIVA
dieng@cscpo.com.br;Diretoria engenharia;UserMailbox;MICROSOFT 365 BUSINESS BASIC;Nunca Acessada;999;Sim;WHITELIST
danilo.minekawa@poenergy.com.br;Danilo Minekawa;UserMailbox;MICROSOFT 365 BUSINESS STANDARD;23/09/2026;13;Não;ATIVA
contato@poenergy.com.br;contato poenergy;UserMailbox;MICROSOFT 365 BUSINESS BASIC;Nunca Acessada;999;Sim;WHITELIST
joao.mesquita@manhattanshopping.com.br;João Mesquita;UserMailbox;MICROSOFT 365 BUSINESS STANDARD, MICROSOFT POWER AUTOMATE FREE;23/09/2026;13;Não;ATIVA
andressa.melo@brasiliashopping.com.br;Andressa de Freitas Melo;UserMailbox;MICROSOFT 365 BUSINESS BASIC;21/09/2026;15;Não;ATIVA
myllena.leite@pomidia.com.br;Myllena Vitória Silva Leite;UserMailbox;MICROSOFT 365 BUSINESS STANDARD, MICROSOFT POWER AUTOMATE FREE;23/09/2026;13;Não;ATIVA
renata.silva@pomidia.com.br;Renata Cristina Ribeiro Silva;UserMailbox;MICROSOFT 365 BUSINESS STANDARD, MICROSOFT POWER AUTOMATE FREE;23/09/2026;13;Não;ATIVA
francisco.nascimento@tgs.com.br;Francisco das Chagas da Silva Nascimento;UserMailbox;MICROSOFT 365 BUSINESS BASIC;23/09/2026;13;Não;ATIVA
lui.guilherme@paulooctavio.com.br;Lui Guilherme;UserMailbox;MICROSOFT 365 BUSINESS STANDARD;08/09/2026;28;Não;ATIVA
josenilson.lima@paulooctavio.com.br;Josenilson Lima;UserMailbox;MICROSOFT 365 BUSINESS STANDARD;23/09/2026;13;Não;ATIVA
adenilson.leite@paulooctavio.com.br;Adenilson Leite;UserMailbox;MICROSOFT 365 BUSINESS STANDARD;23/09/2026;13;Não;ATIVA
gabriella.agle@paulooctavio.com.br;Anna Gabriella Agle Santos;UserMailbox;MICROSOFT 365 BUSINESS STANDARD;17/09/2026;19;Não;ATIVA
michele.gomes@paulooctavio.com.br;Michele Maria da Costa Gomes;UserMailbox;MICROSOFT 365 BUSINESS BASIC, MICROSOFT POWER AUTOMATE FREE, MICROSOFT POWER APPS FOR DEVELOPER;21/09/2026;15;Não;ATIVA
fkp@paulooctavio.com.br;Felipe Octavio;UserMailbox;OFFICE 365 E5, MICROSOFT POWER AUTOMATE FREE;23/09/2026;13;Não;ATIVA
leandro.martins@paulooctavio.com.br;Leandro Martins;UserMailbox;MICROSOFT 365 BUSINESS STANDARD, MICROSOFT POWER AUTOMATE FREE, PLANNER AND PROJECT PLAN 3;23/09/2026;13;Não;ATIVA
natanael.jales@paulooctavio.com.br;Natanael Jales;UserMailbox;MICROSOFT POWER AUTOMATE FREE, MICROSOFT 365 BUSINESS STANDARD, MICROSOFT FABRIC (FREE);23/09/2026;13;Não;ATIVA
pedro.batista@paulooctavio.com.br;Pedro Henrique Santana Batista;UserMailbox;MICROSOFT POWER AUTOMATE FREE, MICROSOFT 365 BUSINESS STANDARD;23/09/2026;13;Não;ATIVA
joao.sousa@paulooctavio.com.br;João  Carlos Vieira Sousa;UserMailbox;MICROSOFT 365 BUSINESS BASIC, MICROSOFT POWER AUTOMATE FREE;23/09/2026;13;Não;ATIVA
milton.junior@paulooctavio.com.br;Milton José Oliveira Jr;UserMailbox;MICROSOFT POWER AUTOMATE FREE, MICROSOFT 365 BUSINESS STANDARD;18/09/2026;18;Não;ATIVA
paula.silva@paulooctavio.com.br;Paula  Martins de França Silva;UserMailbox;MICROSOFT 365 BUSINESS STANDARD, MICROSOFT POWER AUTOMATE FREE;23/09/2026;13;Não;ATIVA
giovani.araujo@paulooctavio.com.br;Giovani Araujo;UserMailbox;MICROSOFT 365 BUSINESS BASIC;23/09/2026;13;Não;ATIVA
alexandre.volpi@paulooctavio.com.br;Alexandre Volpi;UserMailbox;MICROSOFT 365 BUSINESS STANDARD;23/09/2026;13;Não;ATIVA
myllena.machado@paulooctavio.com.br;Myllena Leite Machado;UserMailbox;MICROSOFT 365 BUSINESS STANDARD, MICROSOFT POWER AUTOMATE FREE;23/09/2026;13;Não;ATIVA
glaucia.cardozo@paulooctavio.com.br;Glaucia Cardozo;UserMailbox;MICROSOFT 365 BUSINESS STANDARD;23/09/2026;13;Não;ATIVA
andre.ribeiro@paulooctavio.com.br;André Luiz de Cunha Ribeiro;UserMailbox;MICROSOFT 365 BUSINESS BASIC;04/09/2026;32;Não;ATIVA
arthur.guimaraes@paulooctavio.com.br;Arthur Lustosa Guimarães;UserMailbox;MICROSOFT 365 BUSINESS STANDARD;22/09/2026;14;Não;ATIVA
mariana.laranjeira@paulooctavio.com.br;Mariana Santandel Laranjeira;UserMailbox;MICROSOFT 365 BUSINESS STANDARD;23/09/2026;13;Não;ATIVA
eliomar.nascimento@paulooctavio.com.br;Eliomar Nascimento;UserMailbox;MICROSOFT 365 BUSINESS BASIC;23/09/2026;13;Não;ATIVA
arantes.diniz@paulooctavio.com.br;Arantes Diniz;UserMailbox;MICROSOFT 365 BUSINESS STANDARD;23/09/2026;13;Não;ATIVA
mariosergio.silva@paulooctavio.com.br;Mário Sérgio Silva;UserMailbox;MICROSOFT 365 BUSINESS STANDARD, MICROSOFT POWER AUTOMATE FREE;23/09/2026;13;Não;ATIVA
brenda.pamplona@paulooctavio.com.br;Brenda Souza Pamplona;UserMailbox;MICROSOFT POWER AUTOMATE FREE, MICROSOFT 365 BUSINESS STANDARD;23/09/2026;13;Não;ATIVA
talita.monte@paulooctavio.com.br;Talita Monte;UserMailbox;MICROSOFT POWER AUTOMATE FREE, MICROSOFT 365 BUSINESS STANDARD;23/09/2026;13;Não;ATIVA
emanuela.silva@paulooctavio.com.br;Emanuela do Nascimento Silva;UserMailbox;MICROSOFT 365 BUSINESS STANDARD, MICROSOFT POWER AUTOMATE FREE;23/09/2026;13;Não;ATIVA
rose.brinck@paulooctavio.com.br;Rose Brinck;UserMailbox;MICROSOFT 365 BUSINESS STANDARD, MICROSOFT POWER AUTOMATE FREE;23/09/2026;13;Não;ATIVA
cristiano.rodrigues@paulooctavio.com.br;Cristiano Rodrigues;UserMailbox;MICROSOFT 365 BUSINESS STANDARD;01/09/2026;35;Não;ATIVA
jaqueline.pereira@paulooctavio.com.br;Jaqueline Pereira;UserMailbox;MICROSOFT 365 BUSINESS STANDARD;21/09/2026;15;Não;ATIVA
antonio.mangabeira@paulooctavio.com.br;Antonio Mangabeira;UserMailbox;MICROSOFT 365 BUSINESS BASIC;23/09/2026;13;Não;ATIVA
fernando.farias@paulooctavio.com.br;Fernando Moreira de Farias;UserMailbox;MICROSOFT 365 BUSINESS STANDARD, MICROSOFT POWER AUTOMATE FREE, MICROSOFT FABRIC (FREE);23/09/2026;13;Não;ATIVA
andressa.andrade@paulooctavio.com.br;Andressa Vidal N.N Andrade;UserMailbox;MICROSOFT 365 BUSINESS STANDARD, MICROSOFT POWER AUTOMATE FREE;23/09/2026;13;Não;ATIVA
marcelo.braga@paulooctavio.com.br;Marcelo Aquino Braga;UserMailbox;MICROSOFT 365 BUSINESS STANDARD;23/09/2026;13;Não;ATIVA
camilla.antunes@paulooctavio.com.br;Camilla Antunes;UserMailbox;MICROSOFT 365 BUSINESS STANDARD;23/09/2026;13;Não;ATIVA
wesley.veras@paulooctavio.com.br;Wesley Santos Veras;UserMailbox;MICROSOFT 365 BUSINESS BASIC;23/09/2026;13;Não;ATIVA
anisio.neto@paulooctavio.com.br;Anísio Neto;UserMailbox;MICROSOFT 365 BUSINESS STANDARD;23/09/2026;13;Não;ATIVA
adriana.ferreira@cscpaulooctavio.com.br;Adriana Ferreira;UserMailbox;MICROSOFT POWER AUTOMATE FREE, MICROSOFT 365 BUSINESS STANDARD;23/09/2026;13;Não;ATIVA
leandro.marques@paulooctavio.com.br;Leandro Marques;UserMailbox;MICROSOFT 365 BUSINESS STANDARD;23/09/2026;13;Não;ATIVA
celso.pagy@paulooctavio.com.br;Celso Pagy;UserMailbox;MICROSOFT 365 BUSINESS BASIC;23/09/2026;13;Não;ATIVA
carlos.xavier@paulooctavio.com.br;Carlos Xavier;UserMailbox;MICROSOFT 365 BUSINESS BASIC;23/09/2026;13;Não;ATIVA
jair.alves@cscpaulooctavio.com.br;Jair Laecio;UserMailbox;MICROSOFT 365 BUSINESS STANDARD;23/09/2026;13;Não;ATIVA
weverson.pinheiro@paulooctavio.com.br;Weverson Pinheiro;UserMailbox;MICROSOFT 365 BUSINESS BASIC;23/09/2026;13;Não;ATIVA
luciene.aguiar@paulooctavio.com.br;Luciene Aguiar;UserMailbox;MICROSOFT 365 BUSINESS STANDARD;23/09/2026;13;Não;ATIVA
wilton.salvador@paulooctavio.com.br;Wilton Salvador;SharedMailbox;MICROSOFT 365 BUSINESS STANDARD;30/06/2026;98;Não;CANDIDATA A BLOQUEIO
joao.correa@paulooctavio.com.br;João Pedro G. Corrêa;UserMailbox;MICROSOFT 365 BUSINESS BASIC, MICROSOFT POWER AUTOMATE FREE;23/09/2026;13;Não;ATIVA
joao.ribeiro@paulooctavio.com.br;Joao Ribeiro;UserMailbox;MICROSOFT 365 BUSINESS BASIC;23/09/2026;13;Não;ATIVA
margareth.assuncao@paulooctavio.com.br;Margareth Assunção;UserMailbox;MICROSOFT 365 BUSINESS BASIC;23/09/2026;13;Não;ATIVA
nilson.morais@paulooctavio.com.br;Nilson Morais;UserMailbox;MICROSOFT 365 BUSINESS BASIC;26/05/2026;133;Não;CANDIDATA A BLOQUEIO
frank.may@paulooctavio.com.br;Frank May;UserMailbox;MICROSOFT 365 BUSINESS STANDARD;22/09/2026;14;Não;ATIVA
luann.ferraz@paulooctavio.com.br;Luann Gabriel da Silva Ferraz;UserMailbox;MICROSOFT 365 BUSINESS BASIC, MICROSOFT FABRIC (FREE);22/09/2026;14;Não;ATIVA
iolanda.tenorio@paulooctavio.com.br;Iolanda Tenório;UserMailbox;MICROSOFT POWER AUTOMATE FREE, MICROSOFT 365 BUSINESS STANDARD;23/09/2026;13;Não;ATIVA
enzo.albuquerque@paulooctavio.com.br;Enzo Albuquerque;UserMailbox;MICROSOFT 365 BUSINESS STANDARD, MICROSOFT FABRIC (FREE), MICROSOFT POWER AUTOMATE FREE, PLANNER AND PROJECT PLAN 3;17/09/2026;19;Não;ATIVA
serena.vieira@poenergy.com.br;Serena Giovana Nóbrega Vieira;UserMailbox;MICROSOFT 365 BUSINESS STANDARD, MICROSOFT FABRIC (FREE), MICROSOFT POWER AUTOMATE FREE;23/09/2026;13;Não;ATIVA
jose.augusto@paulooctavio.com.br;José  Augusto;UserMailbox;MICROSOFT 365 BUSINESS STANDARD;17/09/2026;19;Não;ATIVA
ricardo.cerqueira@paulooctavio.com.br;Ricardo Cerqueira;UserMailbox;MICROSOFT 365 BUSINESS STANDARD;23/09/2026;13;Não;ATIVA
jaqueline.vekic@paulooctavio.com.br;Jaqueline Vekic;UserMailbox;MICROSOFT 365 BUSINESS STANDARD, MICROSOFT POWER AUTOMATE FREE;23/09/2026;13;Não;ATIVA
alexandre.silva@paulooctavio.com.br;Alexandre Silva;UserMailbox;MICROSOFT POWER AUTOMATE FREE, MICROSOFT 365 BUSINESS STANDARD;23/09/2026;13;Não;ATIVA
marcia.camargo@paulooctavio.com.br;Márcia Camargo;UserMailbox;MICROSOFT 365 BUSINESS STANDARD;23/09/2026;13;Não;ATIVA
marley.caldeira@paulooctavio.com.br;Marley Caldeira;UserMailbox;MICROSOFT 365 BUSINESS BASIC;23/09/2026;13;Não;ATIVA
alice.espinheira@paulooctavio.com.br;Alice  de Oliveira Espinheira;UserMailbox;MICROSOFT 365 BUSINESS STANDARD;23/09/2026;13;Não;ATIVA
juliana.lopes@paulooctavio.com.br;Juliana Lopes;UserMailbox;MICROSOFT 365 BUSINESS STANDARD, MICROSOFT POWER AUTOMATE FREE;23/09/2026;13;Não;ATIVA
fabricio.carata@paulooctavio.com.br;Fabricio Dornas Carata;UserMailbox;MICROSOFT 365 BUSINESS STANDARD;21/09/2026;15;Não;ATIVA
patricia.silva@paulooctavio.com.br;Patricia Silva;UserMailbox;MICROSOFT 365 BUSINESS STANDARD;23/09/2026;13;Não;ATIVA
ana.silva@paulooctavio.com.br;Ana Silva;UserMailbox;MICROSOFT 365 BUSINESS BASIC;23/09/2026;13;Não;ATIVA
bruno.silva@paulooctavio.com.br;Bruno Silva;UserMailbox;MICROSOFT 365 BUSINESS BASIC;23/01/2026;256;Não;CANDIDATA A BLOQUEIO
jessica.caldeira@paulooctavio.com.br;Jessica Caldeira;UserMailbox;MICROSOFT FABRIC (FREE), MICROSOFT 365 BUSINESS STANDARD;23/09/2026;13;Não;ATIVA
fillipe.oumori@paulooctavio.com.br;Fillipe Oumori Barbosa;UserMailbox;MICROSOFT 365 BUSINESS STANDARD;23/09/2026;13;Não;ATIVA
taoame.faria@paulooctavio.com.br;Taoame Faria;UserMailbox;MICROSOFT 365 BUSINESS BASIC;23/09/2026;13;Não;ATIVA
marcilio.bione@paulooctavio.com.br;Marcílio Bione;UserMailbox;MICROSOFT 365 BUSINESS STANDARD;23/09/2026;13;Não;ATIVA
francina.sousa@paulooctavio.com.br;Francina Sousa;UserMailbox;MICROSOFT POWER AUTOMATE FREE, MICROSOFT 365 BUSINESS STANDARD;23/09/2026;13;Não;ATIVA
aldo.rezende@paulooctavio.com.br;Aldo Rezende;UserMailbox;MICROSOFT 365 BUSINESS BASIC;23/09/2026;13;Não;ATIVA
israel.marinho@paulooctavio.com.br;Israel Marinho;UserMailbox;MICROSOFT 365 BUSINESS STANDARD, MICROSOFT POWER AUTOMATE FREE;23/09/2026;13;Não;ATIVA
gabriela.canielas@paulooctavio.com.br;Gabriela Canielas;UserMailbox;MICROSOFT 365 BUSINESS STANDARD, MICROSOFT POWER AUTOMATE FREE;23/09/2026;13;Não;ATIVA
patrick.sousa@paulooctavio.com.br;Patrick Sousa;UserMailbox;MICROSOFT 365 BUSINESS STANDARD, MICROSOFT POWER AUTOMATE FREE;23/09/2026;13;Não;ATIVA
magno.costa@paulooctavio.com.br;Magno Da Silva Costa;UserMailbox;MICROSOFT 365 BUSINESS BASIC, MICROSOFT POWER AUTOMATE FREE;23/09/2026;13;Não;ATIVA
luciano.nascimento@paulooctavio.com.br;Luciano Nascimento;UserMailbox;MICROSOFT 365 BUSINESS STANDARD;23/09/2026;13;Não;ATIVA
renan.marinho@paulooctavio.com.br;Renan Marinho;UserMailbox;MICROSOFT 365 BUSINESS BASIC;23/09/2026;13;Não;ATIVA
francisco.almeida@paulooctavio.com.br;Francisco  Arlindo Carneiro de Almeida;UserMailbox;MICROSOFT 365 BUSINESS STANDARD;23/09/2026;13;Não;ATIVA
yuri.menezes@paulooctavio.com.br;Yuri da Silva. Menezes;UserMailbox;MICROSOFT 365 BUSINESS STANDARD;23/09/2026;13;Não;ATIVA
hendria.lima@paulooctavio.com.br;Hendria Silva Lima;UserMailbox;MICROSOFT 365 BUSINESS STANDARD;23/09/2026;13;Não;ATIVA
leandro.couri@paulooctavio.com.br;Leandro Couri;UserMailbox;MICROSOFT 365 BUSINESS STANDARD;23/09/2026;13;Não;ATIVA
gabriela.galvao@paulooctavio.com.br;Gabriela Pereira. Galvao;UserMailbox;MICROSOFT 365 BUSINESS BASIC;22/09/2026;14;Não;ATIVA
regina.costa@paulooctavio.com.br;Regina Costa;UserMailbox;MICROSOFT 365 BUSINESS BASIC;07/08/2026;60;Não;ATIVA
marcos.melo@paulooctavio.com.br;Marcos Melo;UserMailbox;MICROSOFT 365 BUSINESS BASIC;23/09/2026;13;Não;ATIVA
daniel.vitoriano@paulooctavio.com.br;Daniel Vitoriano;UserMailbox;MICROSOFT 365 BUSINESS BASIC, MICROSOFT POWER AUTOMATE FREE;11/03/2026;209;Não;CANDIDATA A BLOQUEIO
guilherme.viana@paulooctavio.com.br;Guilherme Lopes Viana;UserMailbox;MICROSOFT 365 BUSINESS BASIC;23/09/2026;13;Não;ATIVA
lucas.ribeiro@paulooctavio.com.br;Lucas Ribeiro;UserMailbox;MICROSOFT 365 BUSINESS STANDARD, MICROSOFT FABRIC (FREE);23/09/2026;13;Não;ATIVA
fernando.gutierrez@paulooctavio.com.br;Fernando Gutierrez;UserMailbox;MICROSOFT 365 BUSINESS STANDARD, MICROSOFT POWER AUTOMATE FREE;23/09/2026;13;Não;ATIVA
sheila.lima@paulooctavio.com.br;Sheila da Luz Lima;UserMailbox;MICROSOFT POWER AUTOMATE FREE, MICROSOFT 365 BUSINESS STANDARD;23/09/2026;13;Não;ATIVA
aline.melo@paulooctavio.com.br;Aline Melo;UserMailbox;MICROSOFT 365 BUSINESS BASIC;23/09/2026;13;Não;ATIVA
gabriel.bastos@paulooctavio.com.br;Gabriel Bastos;UserMailbox;MICROSOFT 365 BUSINESS STANDARD, MICROSOFT POWER AUTOMATE FREE;23/09/2026;13;Não;ATIVA
marcio.costa@paulooctavio.com.br;Márcio Costa;UserMailbox;MICROSOFT POWER AUTOMATE FREE, MICROSOFT 365 BUSINESS STANDARD;23/09/2026;13;Não;ATIVA
mazili.rocha@paulooctavio.com.br;Mazili Rocha;UserMailbox;MICROSOFT 365 BUSINESS BASIC;23/09/2026;13;Não;ATIVA
marlene.neves@paulooctavio.com.br;Marlene Neves;UserMailbox;MICROSOFT 365 BUSINESS STANDARD, MICROSOFT POWER AUTOMATE FREE;23/09/2026;13;Não;ATIVA
heliana.guedes@paulooctavio.com.br;Heliana Guedes;UserMailbox;MICROSOFT 365 BUSINESS STANDARD, MICROSOFT POWER AUTOMATE FREE;23/09/2026;13;Não;ATIVA
aldair.silva@paulooctavio.com.br;Aldair Silva;UserMailbox;MICROSOFT 365 BUSINESS STANDARD, MICROSOFT FABRIC (FREE);23/09/2026;13;Não;ATIVA
pedro.medeiros@paulooctavio.com.br;Pedro Medeiros;UserMailbox;MICROSOFT 365 BUSINESS BASIC;21/09/2026;15;Não;ATIVA
eduardo.sottero@paulooctavio.com.br;Eduardo Sottero;UserMailbox;MICROSOFT 365 BUSINESS BASIC;23/09/2026;13;Não;ATIVA
felipe.fernandes@paulooctavio.com.br;Felipe Fernandes;UserMailbox;MICROSOFT 365 BUSINESS BASIC, MICROSOFT POWER AUTOMATE FREE, MICROSOFT FABRIC (FREE);22/09/2026;14;Não;ATIVA
murilo.garcia@paulooctavio.com.br;Murilo Camargo Garcia;UserMailbox;EXCHANGE ONLINE KIOSK;23/09/2026;13;Não;ATIVA
estagio.diemp@paulooctavio.com.br;Estagio Diemp;UserMailbox;MICROSOFT 365 BUSINESS BASIC;30/07/2024;798;Sim;WHITELIST
mariana.lais@paulooctavio.com.br;Mariana Laís;SharedMailbox;MICROSOFT 365 BUSINESS BASIC;12/06/2025;481;Não;CANDIDATA A BLOQUEIO
juscelino.pereira@paulooctavio.com.br;Juscelino Pereira;UserMailbox;MICROSOFT 365 BUSINESS STANDARD;23/09/2026;13;Não;ATIVA
karinna.carvalho@paulooctavio.com.br;Karinna Carvalho;UserMailbox;MICROSOFT 365 BUSINESS BASIC;23/09/2026;13;Não;ATIVA
marcia.soares@paulooctavio.com.br;Marcia Soares;UserMailbox;MICROSOFT 365 BUSINESS BASIC;23/09/2026;13;Não;ATIVA
jeniffer.silva@paulooctavio.com.br;Jeniffer Silva;UserMailbox;MICROSOFT 365 BUSINESS STANDARD, MICROSOFT FABRIC (FREE);23/09/2026;13;Não;ATIVA
vistoria.aluguel@paulooctavio.com.br;Vistoria Aluguel;SharedMailbox;EXCHANGE ONLINE (PLAN 1);17/01/2024;993;Sim;WHITELIST
paulooctavioaluguel-site@paulooctavio.com.br;paulooctavio site;UserMailbox;EXCHANGE ONLINE KIOSK;23/09/2026;13;Sim;WHITELIST
helio.cesar@paulooctavio.com.br;Helio Pereira Cesar;UserMailbox;MICROSOFT 365 BUSINESS BASIC;23/09/2026;13;Não;ATIVA
helpdeskpo@paulooctavio.com.br;HelpDeskPO HelpDeskPO;SharedMailbox;EXCHANGE ONLINE (PLAN 1);03/04/2024;916;Sim;WHITELIST
cotacao@paulooctavio.com.br;Cotação;UserMailbox;EXCHANGE ONLINE KIOSK;23/09/2026;13;Sim;WHITELIST
sergio.chaves@paulooctavio.com.br;Sérgio Ulhoa Chaves;UserMailbox;MICROSOFT 365 BUSINESS STANDARD;23/09/2026;13;Não;ATIVA
comunicados@poenergy.com.br;Comunicados Energy;UserMailbox;EXCHANGE ONLINE KIOSK;23/09/2026;13;Sim;WHITELIST
comunicados@paulooctavio.com.br;Comunicados PO;UserMailbox;EXCHANGE ONLINE KIOSK;23/09/2026;13;Sim;WHITELIST
rogerio.leao@paulooctavio.com.br;Rogerio da Silva Leão;UserMailbox;MICROSOFT FABRIC (FREE), MICROSOFT 365 BUSINESS BASIC;27/05/2026;132;Não;CANDIDATA A BLOQUEIO
p.o@paulooctavio.com.br;Paulo Octavio;UserMailbox;MICROSOFT 365 BUSINESS STANDARD;22/09/2026;14;Não;ATIVA
portaldocliente@paulooctavio.com.br;Portal Cliente;UserMailbox;EXCHANGE ONLINE KIOSK;23/09/2026;13;Sim;WHITELIST
ronald.silva@paulooctavio.com.br;Ronald Gomes da Silva;UserMailbox;MICROSOFT 365 BUSINESS STANDARD;22/09/2026;14;Não;ATIVA
joao.herman@paulooctavio.com.br;Joao Duarte;UserMailbox;MICROSOFT 365 BUSINESS BASIC, PLANNER AND PROJECT PLAN 3;23/09/2026;13;Não;ATIVA
diogo.lima@paulooctavio.com.br;Diogo Mendonça Lima;UserMailbox;MICROSOFT 365 BUSINESS BASIC, MICROSOFT POWER AUTOMATE FREE;23/09/2026;13;Não;ATIVA
francisco.figueredo@paulooctavio.com.br;Francisco figueiredo;UserMailbox;MICROSOFT 365 BUSINESS BASIC;23/09/2026;13;Não;ATIVA
elcio.baldi@paulooctavio.com.br;Elcio Baldi;UserMailbox;MICROSOFT 365 BUSINESS STANDARD;23/09/2026;13;Não;ATIVA
ailton.filho@paulooctavio.com.br;Ailton  Della Valentina Filho;UserMailbox;MICROSOFT 365 BUSINESS STANDARD, PLANNER AND PROJECT PLAN 3, MICROSOFT FABRIC (FREE), MICROSOFT POWER AUTOMATE FREE;23/09/2026;13;Não;ATIVA
joao.caland@paulooctavio.com.br;João Luiz de Almeida Caland;UserMailbox;MICROSOFT POWER AUTOMATE FREE, MICROSOFT 365 BUSINESS BASIC;23/09/2026;13;Não;ATIVA
eduardo.sampaio@paulooctavio.com.br;Eduardo Sampaio;UserMailbox;EXCHANGE ONLINE KIOSK;Nunca Acessada;999;Não;REVISAR (NUNCA ACESSADA)
andres.silva@paulooctavio.com.br;Andres Silva;UserMailbox;MICROSOFT 365 BUSINESS BASIC;23/09/2026;13;Não;ATIVA
jose.francisco@paulooctavio.com.br;José Francisco;UserMailbox;MICROSOFT 365 BUSINESS STANDARD;23/09/2026;13;Não;ATIVA
domenico@paulooctavio.com.br;Luiz Domenico Domenico;UserMailbox;MICROSOFT 365 BUSINESS STANDARD;23/09/2026;13;Não;ATIVA
glauciane.silva@paulooctavio.com.br;Glauciane Silva;UserMailbox;MICROSOFT 365 BUSINESS STANDARD, MICROSOFT FABRIC (FREE), POWER BI PRO, MICROSOFT POWER AUTOMATE FREE, PLANNER AND PROJECT PLAN 3;23/09/2026;13;Não;ATIVA
humberto.corte@paulooctavio.com.br;Humberto Corte;UserMailbox;MICROSOFT 365 BUSINESS BASIC;23/09/2026;13;Não;ATIVA
antonio.filismino@paulooctavio.com.br;Antonio Filismino;UserMailbox;MICROSOFT 365 BUSINESS BASIC;23/09/2026;13;Não;ATIVA
rodrigo.avelino@paulooctavio.com.br;Rodrigo Avelino;UserMailbox;MICROSOFT 365 BUSINESS BASIC, MICROSOFT POWER AUTOMATE FREE;23/09/2026;13;Não;ATIVA
patricia.santos@paulooctavio.com.br;Patricia Carias Santos;UserMailbox;MICROSOFT 365 BUSINESS BASIC;23/09/2026;13;Não;ATIVA
bianca.silva@cscpaulooctavio.com.br;Bianca Silva;UserMailbox;MICROSOFT 365 BUSINESS STANDARD;23/09/2026;13;Não;ATIVA
celio.lima@paulooctavio.com.br;Célio Guimarães;UserMailbox;MICROSOFT 365 BUSINESS STANDARD;23/09/2026;13;Não;ATIVA
marcos.frazao@paulooctavio.com.br;Marcos Frazão;UserMailbox;MICROSOFT 365 BUSINESS STANDARD;23/09/2026;13;Não;ATIVA
gabriela.fernandes@paulooctavio.com.br;Gabriela Fernandes;UserMailbox;MICROSOFT 365 BUSINESS BASIC, MICROSOFT POWER AUTOMATE FREE, MICROSOFT FABRIC (FREE);23/09/2026;13;Não;ATIVA
victor.araujo@paulooctavio.com.br;Victor Araujo Gomes;UserMailbox;MICROSOFT 365 BUSINESS BASIC, MICROSOFT POWER AUTOMATE FREE;23/09/2026;13;Não;ATIVA
taylon.moura@paulooctavio.com.br;Taylon Loiola de Souza Moura;UserMailbox;MICROSOFT POWER AUTOMATE FREE, MICROSOFT 365 BUSINESS STANDARD;16/09/2026;20;Não;ATIVA
raimundo.sousa@paulooctavio.com.br;Raimundo Silva de Sousa;UserMailbox;MICROSOFT 365 BUSINESS STANDARD;23/09/2026;13;Não;ATIVA
hamilton.conde@paulooctavio.com.br;Hamilton Conde;UserMailbox;MICROSOFT 365 BUSINESS BASIC;23/09/2026;13;Não;ATIVA
paulo.oliveira@paulooctavio.com.br;Paulo Oliveira;UserMailbox;MICROSOFT 365 BUSINESS BASIC;23/09/2026;13;Não;ATIVA
angelo.carvalho@paulooctavio.com.br;Ângelo Rodrigues de Carvalho;UserMailbox;MICROSOFT FABRIC (FREE), MICROSOFT POWER APPS FOR DEVELOPER, MICROSOFT 365 BUSINESS STANDARD;23/09/2026;13;Não;ATIVA
portalrh@paulooctavio.com.br;portalrh;UserMailbox;EXCHANGE ONLINE KIOSK;23/09/2026;13;Sim;WHITELIST
estagio.dicot@paulooctavio.com.br;Estagio Dicot;UserMailbox;EXCHANGE ONLINE KIOSK;Nunca Acessada;999;Não;REVISAR (NUNCA ACESSADA)
gilmara.couto@paulooctavio.com.br;Gilmara Couto;UserMailbox;MICROSOFT 365 BUSINESS STANDARD;23/09/2026;13;Não;ATIVA
paulo.pereira@paulooctavio.com.br;Paulo Pereira;UserMailbox;MICROSOFT 365 BUSINESS STANDARD;Nunca Acessada;999;Sim;WHITELIST
ricardo.passos@paulooctavio.com.br;Ricardo  Passos;UserMailbox;MICROSOFT 365 BUSINESS STANDARD;23/09/2026;13;Não;ATIVA
caio.oliveira@paulooctavio.com.br;Caio de Oliveira Baptistucci;UserMailbox;PLANNER AND PROJECT PLAN 3, MICROSOFT 365 BUSINESS STANDARD;23/09/2026;13;Não;ATIVA
jackson.prata@paulooctavio.com.br;Jackson Prata;UserMailbox;EXCHANGE ONLINE KIOSK;Nunca Acessada;999;Não;REVISAR (NUNCA ACESSADA)
saulo.santos@paulooctavio.com.br;Saulo  Henrique da Silva Santos;UserMailbox;MICROSOFT 365 BUSINESS STANDARD;23/09/2026;13;Não;ATIVA
felipe.facanha@paulooctavio.com.br;Felipe Facanha;UserMailbox;MICROSOFT 365 BUSINESS BASIC;23/09/2026;13;Não;ATIVA
francisco.lins@paulooctavio.com.br;Francisco Junior Gabriel Lins;UserMailbox;MICROSOFT 365 BUSINESS BASIC;23/09/2026;13;Não;ATIVA
francisco.sousa@paulooctavio.com.br;Francisco  de Oliveira Sousa;UserMailbox;MICROSOFT 365 BUSINESS BASIC;23/09/2026;13;Não;ATIVA
alexsander.nascimento@paulooctavio.com.br;Alexsander Nascimento;UserMailbox;MICROSOFT 365 BUSINESS STANDARD;23/09/2026;13;Não;ATIVA
carlos.lima@paulooctavio.com.br;Carlos Alberto Lima;UserMailbox;MICROSOFT 365 BUSINESS BASIC;Nunca Acessada;999;Não;REVISAR (NUNCA ACESSADA)
ronyere.souza@paulooctavio.com.br;Ronyere Sousa;UserMailbox;MICROSOFT 365 BUSINESS BASIC;23/09/2026;13;Não;ATIVA
comercial@poenergy.com.br;Comercial PO Energy;UserMailbox;EXCHANGE ONLINE KIOSK;05/04/2024;914;Sim;WHITELIST
relacionamento@poenergy.com.br;Relacionamento PO Energy;UserMailbox;EXCHANGE ONLINE KIOSK;Nunca Acessada;999;Sim;WHITELIST
sdr@poenergy.com.br;SDR PO Energy;UserMailbox;EXCHANGE ONLINE KIOSK;Nunca Acessada;999;Sim;WHITELIST
bdr@poenergy.com.br;BDR PO Energy;UserMailbox;EXCHANGE ONLINE KIOSK;Nunca Acessada;999;Sim;WHITELIST
admin@paulooctavio.com.br;admin paulooctavio;UserMailbox;EXCHANGE ONLINE KIOSK;Nunca Acessada;999;Sim;WHITELIST
felipe.kubitschek@paulooctavio.com.br;Felipe Kubitschek;UserMailbox;EXCHANGE ONLINE KIOSK;18/09/2026;18;Não;ATIVA
servicomedico@cscshoppingspaulooctavio.com.br;Serviço Médico;Desconhecido;EXCHANGE ONLINE (PLAN 1);23/09/2026;13;Sim;WHITELIST
manutencao.aluguel@cscshoppingspaulooctavio.com.br;Manutenção Alugueis;Desconhecido;EXCHANGE ONLINE (PLAN 1);Nunca Acessada;999;Sim;WHITELIST
selecao@cscpaulooctavio.com.br;Seleção RH;SharedMailbox;EXCHANGE ONLINE KIOSK;25/02/2026;223;Sim;WHITELIST
alexsandra.nascimento@brasiliashopping.com.br;Alexsandra de Oliveira Nascimento;UserMailbox;MICROSOFT POWER AUTOMATE FREE, MICROSOFT 365 BUSINESS STANDARD;23/09/2026;13;Não;ATIVA
rogerio.almeida@paulooctavio.com.br;Rogério Almeida;UserMailbox;MICROSOFT 365 BUSINESS STANDARD;23/09/2026;13;Não;ATIVA
marcus.martins@paulooctavio.com.br;Marcus Tulio;UserMailbox;MICROSOFT 365 BUSINESS STANDARD;23/09/2026;13;Não;ATIVA
kelly.sousa@cscpaulooctavio.com.br;Kelly do Nascimento Sousa;UserMailbox;MICROSOFT 365 BUSINESS STANDARD;23/09/2026;13;Não;ATIVA
henrique.souza@jkshoppingdf.com.br;Henrique Martins de Souza;UserMailbox;MICROSOFT 365 BUSINESS STANDARD, MICROSOFT POWER AUTOMATE FREE, MICROSOFT FABRIC (FREE);23/09/2026;13;Não;ATIVA
luiz.santos@paulooctavio.com.br;Luiz Antonio dos Santos;UserMailbox;EXCHANGE ONLINE KIOSK;28/11/2025;312;Não;CANDIDATA A BLOQUEIO
bruno.oliveira@paulooctavio.com.br;Bruno Lúcio Rocha de Oliveira;UserMailbox;MICROSOFT 365 BUSINESS STANDARD, MICROSOFT COPILOT STUDIO VIRAL TRIAL, MICROSOFT POWER AUTOMATE FREE;23/09/2026;13;Não;ATIVA
luiz.silva@paulooctavio.com.br;Luiz Carlos Ferreira da Silva;UserMailbox;EXCHANGE ONLINE KIOSK;17/09/2026;19;Não;ATIVA
gladston.pereira@paulooctavio.com.br;Gladston Arraes Pereira;UserMailbox;MICROSOFT 365 BUSINESS BASIC;23/09/2026;13;Não;ATIVA
juliana.pereira@paulooctavio.com.br;Juliana Felix Pereira;UserMailbox;EXCHANGE ONLINE KIOSK;23/09/2026;13;Não;ATIVA
fabio.mendes@paulooctavio.com.br;Fabio Kertenis Mendes;UserMailbox;MICROSOFT 365 BUSINESS STANDARD;23/09/2026;13;Não;ATIVA
marcos.bueno@paulooctavio.com.br;Marcos Henrique dos Santos Bueno;UserMailbox;EXCHANGE ONLINE KIOSK;23/09/2026;13;Não;ATIVA
cleiton.araujo@jkshoppingdf.com.br;Cleiton Manoel Teixeira Araújo;UserMailbox;MICROSOFT 365 BUSINESS BASIC;23/09/2026;13;Não;ATIVA
lucas.reis@paulooctavio.com.br;Lucas Henrique Marques Reis;UserMailbox;EXCHANGE ONLINE KIOSK;23/09/2026;13;Não;ATIVA
marcus.ribeiro@paulooctavio.com.br;Marcus Victor Vital Ribeiro;UserMailbox;MICROSOFT 365 BUSINESS STANDARD;23/09/2026;13;Não;ATIVA
gabriela.mendes@tgs.com.br;Gabriela Jannifer Oliveira Mendes;UserMailbox;MICROSOFT POWER AUTOMATE FREE, MICROSOFT 365 BUSINESS STANDARD;23/09/2026;13;Não;ATIVA
wanderson.monteiro@paulooctavio.com.br;Wanderson Henrique de Almeida Monteiro;UserMailbox;EXCHANGE ONLINE KIOSK;23/09/2026;13;Não;ATIVA
vinicius.silva@paulooctavio.com.br;Vinícius Nogueira da Silva;UserMailbox;MICROSOFT 365 BUSINESS STANDARD;23/09/2026;13;Não;ATIVA
davi.batista@paulooctavio.com.br;Davi Maciel Batista;UserMailbox;EXCHANGE ONLINE KIOSK;22/09/2026;14;Não;ATIVA
mario.usai@paulooctavio.com.br;Mário Usai;UserMailbox;MICROSOFT 365 BUSINESS STANDARD;23/09/2026;13;Não;ATIVA
digital@manhattanshopping.com.br;digital midia;UserMailbox;EXCHANGE ONLINE KIOSK;22/04/2025;532;Sim;WHITELIST
cham.chikhi@paulooctavio.com.br;Cham Chikhi;UserMailbox;MICROSOFT 365 BUSINESS STANDARD, MICROSOFT POWER AUTOMATE FREE, MICROSOFT FABRIC (FREE);23/09/2026;13;Não;ATIVA
joao.lemos@paulooctavio.com.br;João Henrique Fonseca Lemos;UserMailbox;EXCHANGE ONLINE KIOSK;23/09/2026;13;Não;ATIVA
mikael.rodriguez@paulooctavio.com.br;Mikael Luciano Ribeiro de Rodriguez;UserMailbox;MICROSOFT 365 BUSINESS STANDARD;23/09/2026;13;Não;ATIVA
milena.cunha@paulooctavio.com.br;Milena Amanda Sbabo da Cunha;UserMailbox;EXCHANGE ONLINE (PLAN 1);23/09/2026;13;Não;ATIVA
marcos.magalhaes@paulooctavio.com.br;Marcos Vinicius Sousa Magalhães;UserMailbox;EXCHANGE ONLINE KIOSK;17/07/2026;81;Não;CANDIDATA A BLOQUEIO
danilo.curado@paulooctavio.com.br;Danilo de Oliveira Curado;UserMailbox;MICROSOFT 365 BUSINESS STANDARD;23/09/2026;13;Não;ATIVA
gabriel.almeida@paulooctavio.com.br;Gabriel Assunção Gonçalves Almeida;UserMailbox;EXCHANGE ONLINE KIOSK;23/09/2026;13;Não;ATIVA
filipe.reis@paulooctavio.com.br;Filipe Ferreira Reis de Oliveira;UserMailbox;MICROSOFT 365 BUSINESS STANDARD, MICROSOFT FABRIC (FREE);23/09/2026;13;Não;ATIVA
ana.melo@paulooctavio.com.br;Ana Paula Sudré de Melo;UserMailbox;MICROSOFT 365 BUSINESS STANDARD, MICROSOFT FABRIC (FREE), MICROSOFT POWER AUTOMATE FREE;23/09/2026;13;Não;ATIVA
rh@paulooctavio.com.br;RH GESTAO;UserMailbox;EXCHANGE ONLINE KIOSK;Nunca Acessada;999;Sim;WHITELIST
gabriel.azevedo@paulooctavio.com.br;Gabriel Saturnino Azevedo;UserMailbox;EXCHANGE ONLINE (PLAN 1);23/09/2026;13;Não;ATIVA
faleconosco@paulooctavio.com.br;Fale conosco;UserMailbox;EXCHANGE ONLINE KIOSK;Nunca Acessada;999;Sim;WHITELIST
davi.lobato@brasiliashopping.com.br;Davi Freitas Lobato;UserMailbox;EXCHANGE ONLINE KIOSK;03/08/2026;64;Não;CANDIDATA A BLOQUEIO
samara.santiago@brasiliashopping.com.br;Samara Rodrigues Santiago;UserMailbox;EXCHANGE ONLINE KIOSK;21/09/2026;15;Não;ATIVA
finaciamento@paulooctavio.com.br;Financiamento BRB e Bancos Privados;Desconhecido;EXCHANGE ONLINE (PLAN 1);15/09/2026;21;Sim;WHITELIST
financiamento.cef@paulooctavio.com.br;Financiamento Caixa Econômica;SharedMailbox;EXCHANGE ONLINE KIOSK;Nunca Acessada;999;Sim;WHITELIST
fernando.nogueira@paulooctavio.com.br;Fernando dos Santos Nogueira;UserMailbox;EXCHANGE ONLINE KIOSK;21/09/2026;15;Não;ATIVA
andressa.rodrigues@paulooctavio.com.br;Andressa Branco Rodrigues;UserMailbox;MICROSOFT 365 BUSINESS BASIC;22/09/2026;14;Não;ATIVA
laiane.freire@terracoshopping.com.br;Laiane da Silva Freire;UserMailbox;EXCHANGE ONLINE KIOSK;23/09/2026;13;Não;ATIVA
joao.simoes@paulooctavio.com.br;João Evangelista Pereira Simões;UserMailbox;MICROSOFT 365 BUSINESS STANDARD, MICROSOFT POWER AUTOMATE FREE;23/09/2026;13;Não;ATIVA
administrativo@numberonedf.com.br;administrativo Number One;UserMailbox;MICROSOFT 365 BUSINESS STANDARD;23/09/2026;13;Não;ATIVA
rafael.oliveira@cscpaulooctavio.com.br;Rafael Bispo de Oliveira;UserMailbox;MICROSOFT 365 BUSINESS STANDARD;23/09/2026;13;Não;ATIVA
tatiane.wilson@paulooctavio.com.br;Tatiane Silva Wilson;UserMailbox;MICROSOFT 365 BUSINESS STANDARD;18/09/2026;18;Não;ATIVA
robson.santos@jkshoppingdf.com.br;Robson Cardoso dos Santos;UserMailbox;MICROSOFT 365 BUSINESS BASIC;23/09/2026;13;Não;ATIVA
maria.silva@jkshoppingdf.com.br;Maria Lindines da Silva;UserMailbox;EXCHANGE ONLINE (PLAN 1);Nunca Acessada;999;Não;REVISAR (NUNCA ACESSADA)
daniela.silva@cscpaulooctavio.com.br;Daniela Pereira da Silva;UserMailbox;MICROSOFT 365 BUSINESS STANDARD;23/09/2026;13;Não;ATIVA
administrativo@po700.com.br;administrativo PO700;UserMailbox;MICROSOFT 365 BUSINESS STANDARD;23/09/2026;13;Não;ATIVA
antecipa@paulooctavio.com.br;Débora Cristina Pereira Barros;UserMailbox;MICROSOFT 365 BUSINESS STANDARD;23/09/2026;13;Não;ATIVA
gestorantecipa@paulooctavio.com.br;Fabio Falseti;UserMailbox;MICROSOFT FABRIC (FREE), MICROSOFT BUSINESS CENTER, MICROSOFT 365 BUSINESS STANDARD;21/09/2026;15;Não;ATIVA
administrativo@condominiosaus.com.br;Administrativo Saus;UserMailbox;MICROSOFT 365 BUSINESS STANDARD;23/09/2026;13;Não;ATIVA
manutencao@condominiosaus.com.br;Manutenção Saus;UserMailbox;EXCHANGE ONLINE KIOSK;23/09/2026;13;Sim;WHITELIST
auditorio@po700.com.br;PO700 Auditorio;UserMailbox;MICROSOFT 365 BUSINESS STANDARD;23/09/2026;13;Não;ATIVA
marketing@tgssolidario.com.br;Marketing TGS Solidario;UserMailbox;MICROSOFT 365 BUSINESS STANDARD;23/09/2026;13;Não;ATIVA
fabiano.ghisolfi@paulooctavio.com.br;Fabiano Teixeira Ghisolfi;UserMailbox;MICROSOFT 365 BUSINESS STANDARD;21/09/2026;15;Não;ATIVA
preposto.cnpq@paulooctavio.com.br;Conselho N. De Científico e Tecnológico;UserMailbox;MICROSOFT 365 BUSINESS BASIC;24/07/2026;74;Sim;WHITELIST
tayna.araujo@paulooctavio.com.br;Tayna Lima de Araújo;UserMailbox;MICROSOFT 365 BUSINESS STANDARD;23/09/2026;13;Não;ATIVA
joao.lima@cscpaulooctavio.com.br;João  Gabriel Lucas Pinheiro de Lima;UserMailbox;MICROSOFT COPILOT STUDIO VIRAL TRIAL, MICROSOFT POWER APPS FOR DEVELOPER, MICROSOFT POWER AUTOMATE FREE, MICROSOFT 365 BUSINESS STANDARD, MICROSOFT FABRIC (FREE), MICROSOFT STREAM TRIAL;23/09/2026;13;Não;ATIVA
rhuan.sousa@cscpaulooctavio.com.br;Rhuan Santos Sousa;UserMailbox;MICROSOFT 365 BUSINESS STANDARD, MICROSOFT FABRIC (FREE);22/09/2026;14;Não;ATIVA
lucas.silva@jkshoppingdf.com.br;Lucas Henrique Lopes da silva;SharedMailbox;EXCHANGE ONLINE KIOSK;07/04/2026;182;Não;CANDIDATA A BLOQUEIO
joelia.jesus@paulooctavio.com.br;Joelia Dias de Jesus;UserMailbox;MICROSOFT 365 BUSINESS STANDARD;23/09/2026;13;Não;ATIVA
esocial@paulooctavio.com.br;esocial esocial;UserMailbox;EXCHANGE ONLINE (PLAN 1);23/09/2026;13;Sim;WHITELIST
gerencia@condominiosedeum.com.br;Gerencia Sede 1;UserMailbox;MICROSOFT 365 BUSINESS STANDARD;23/09/2026;13;Não;ATIVA
administrativo@condominiosedeum.com.br;Administrativo Sede1;UserMailbox;MICROSOFT 365 BUSINESS STANDARD;23/09/2026;13;Não;ATIVA
thayna.santos@terracoshopping.com.br;Thayná Cavalcante Santos;UserMailbox;EXCHANGE ONLINE (PLAN 1);23/09/2026;13;Não;ATIVA
danilo.franca@cscpaulooctavio.com.br;Danilo Gabriel Ferreira França;UserMailbox;MICROSOFT POWER AUTOMATE FREE, MICROSOFT 365 BUSINESS STANDARD;23/09/2026;13;Não;ATIVA
gabriel.pereira@cscpaulooctavio.com.br;Gabriel Celson Pereira;UserMailbox;MICROSOFT 365 BUSINESS STANDARD;23/09/2026;13;Não;ATIVA
layane.silva@cscpaulooctavio.com.br;Layane Nascimento;UserMailbox;MICROSOFT 365 BUSINESS STANDARD, MICROSOFT POWER AUTOMATE FREE;22/09/2026;14;Não;ATIVA
gerencia@numberonedf.com.br;Carlos Alberto Mauricio;UserMailbox;MICROSOFT 365 BUSINESS STANDARD, MICROSOFT POWER AUTOMATE FREE;23/09/2026;13;Não;ATIVA
ana.santos@paulooctavio.com.br;Ana Luiza de Brito Santos;UserMailbox;MICROSOFT 365 BUSINESS BASIC;23/09/2026;13;Não;ATIVA
paulo.souza@paulooctavio.com.br;Paulo  de Souza Brito da Cruz;UserMailbox;MICROSOFT FABRIC (FREE), MICROSOFT POWER AUTOMATE FREE, MICROSOFT 365 BUSINESS STANDARD, MICROSOFT POWER APPS FOR DEVELOPER;23/09/2026;13;Não;ATIVA
renata.melo@manhattanshopping.com.br;Renata  Cristina de Melo Carmo;UserMailbox;MICROSOFT 365 BUSINESS STANDARD;23/09/2026;13;Não;ATIVA
joao.prado@paulooctavio.com.br;João Paulo Prado;UserMailbox;MICROSOFT 365 BUSINESS BASIC;23/09/2026;13;Não;ATIVA
tiago.alves@paulooctavio.com.br;Tiago  da Silva Alves;UserMailbox;MICROSOFT 365 BUSINESS STANDARD;23/09/2026;13;Não;ATIVA
leticia.meneses@paulooctavio.com.br;Letícia Soares Meneses;UserMailbox;MICROSOFT FABRIC (FREE), MICROSOFT 365 BUSINESS STANDARD;23/09/2026;13;Não;ATIVA
nataly.rodrigues@paulooctavio.com.br;Brenda Nataly Rodrigues;UserMailbox;MICROSOFT POWER AUTOMATE FREE, MICROSOFT 365 BUSINESS STANDARD, MICROSOFT FABRIC (FREE);23/09/2026;13;Não;ATIVA
francele.santos@brasiliashopping.com.br;Francele Carvalho dos Santos;SharedMailbox;EXCHANGE ONLINE KIOSK;18/09/2026;18;Não;ATIVA
sal@manhattanshopping.com.br;sal;UserMailbox;EXCHANGE ONLINE (PLAN 1);23/09/2026;13;Sim;WHITELIST
vitor.mello@paulooctavio.com.br;Vitor Mello;UserMailbox;MICROSOFT 365 BUSINESS STANDARD, MICROSOFT POWER AUTOMATE FREE;23/09/2026;13;Não;ATIVA
victor.nascimento@paulooctavio.com.br;Victor Roncisvalle do Nascimento;UserMailbox;MICROSOFT 365 BUSINESS STANDARD;23/09/2026;13;Não;ATIVA
rh@cscpaulooctavio.com.br;Recursos Humanos CSC;SharedMailbox;EXCHANGE ONLINE (PLAN 1);11/06/2025;482;Sim;WHITELIST
joao.wehr@cscpaulooctavio.com.br;João Victor de Oliveira Wehr;UserMailbox;MICROSOFT 365 BUSINESS STANDARD;23/09/2026;13;Não;ATIVA
carla.estevam@paulooctavio.com.br;Carla Estevam;UserMailbox;MICROSOFT 365 BUSINESS BASIC, MICROSOFT FABRIC (FREE);23/09/2026;13;Não;ATIVA
hallyssane.borges@paulooctavio.com.br;Hallyssane Samua Leopoldo Borges;UserMailbox;MICROSOFT 365 BUSINESS BASIC, MICROSOFT POWER AUTOMATE FREE, MICROSOFT FABRIC (FREE);21/09/2026;15;Não;ATIVA
sergio.teixeira@tgs.com.br;Sérgio Augusto Silva Teixeira;UserMailbox;EXCHANGE ONLINE KIOSK;30/08/2026;37;Não;ATIVA
marcos.soares@tgs.com.br;Marcos Alexandre  Moraes Soares;UserMailbox;EXCHANGE ONLINE KIOSK;23/09/2026;13;Não;ATIVA
priscilla.lacerda@jkshoppingdf.com.br;Priscilla Gomes Lacerda;UserMailbox;MICROSOFT 365 BUSINESS BASIC;15/05/2026;144;Não;CANDIDATA A BLOQUEIO
william.portela@manhattanshopping.com.br;William Radjalma Portela Correia;UserMailbox;MICROSOFT 365 BUSINESS BASIC;21/09/2026;15;Não;ATIVA
luiz.oliani@paulooctavio.com.br;Luiz  Eduardo Oliveira Oliani;UserMailbox;MICROSOFT 365 BUSINESS STANDARD;23/09/2026;13;Não;ATIVA
wanderson.santos@paulooctavio.com.br;Wanderson Lira dos Santos;UserMailbox;EXCHANGE ONLINE KIOSK;23/09/2026;13;Não;ATIVA
wesley.ribeiro@paulooctavio.com.br;Wesley  Vicente Ribeiro;UserMailbox;EXCHANGE ONLINE KIOSK;15/09/2026;21;Não;ATIVA
juan.silva@poenergy.com.br;Juan Marco Bernardos Souza e Silva;UserMailbox;MICROSOFT FABRIC (FREE), MICROSOFT 365 BUSINESS STANDARD;23/09/2026;13;Não;ATIVA
adriano.silva@tgs.com.br;Adriano Mendes da Silva;UserMailbox;EXCHANGE ONLINE (PLAN 1);06/03/2026;214;Não;CANDIDATA A BLOQUEIO
maicon.barros@paulooctavio.com.br;Maicon dos anjos barros;UserMailbox;EXCHANGE ONLINE KIOSK;14/09/2026;22;Não;ATIVA
adriana.souza@paulooctavio.com.br;Adriana Costa de Souza;UserMailbox;MICROSOFT 365 BUSINESS BASIC, MICROSOFT POWER AUTOMATE FREE;23/09/2026;13;Não;ATIVA
eventos@pomidia.com.br;Eventos Po Midia;UserMailbox;EXCHANGE ONLINE (PLAN 1);18/09/2026;18;Sim;WHITELIST
gabriela.santos@jkshoppingdf.com.br;Gabriela Ibiapina dos Santos;UserMailbox;MICROSOFT 365 BUSINESS BASIC;23/09/2026;13;Não;ATIVA
rogerio.leao@pomidia.com.br;Rogerio  da Silva Leão;UserMailbox;MICROSOFT 365 BUSINESS STANDARD;23/09/2026;13;Não;ATIVA
contato@pomidia.com.br;Contato Po Midia;UserMailbox;MICROSOFT POWER AUTOMATE FREE, MICROSOFT 365 BUSINESS BASIC;23/09/2026;13;Não;ATIVA
opec@pomidia.com.br;Opec  po mídia;UserMailbox;EXCHANGE ONLINE (PLAN 1);23/09/2026;13;Sim;WHITELIST
flavia.serpa@pomidia.com.br;Flavia Michele Pereira Serpa;UserMailbox;MICROSOFT 365 BUSINESS BASIC;23/09/2026;13;Não;ATIVA
ricardo.vieira@pomidia.com.br;Ricardo da Silva Vieira;UserMailbox;MICROSOFT 365 BUSINESS STANDARD, MICROSOFT POWER AUTOMATE FREE;23/09/2026;13;Não;ATIVA
jose.brito@pomidia.com.br;Jose  Arnobio de Brito Mendes Junior;UserMailbox;MICROSOFT POWER AUTOMATE FREE, MICROSOFT 365 BUSINESS BASIC;23/09/2026;13;Não;ATIVA
lucas.oliveira@paulooctavio.com.br;Lucas Bruno Rodrigues de Oliveira;UserMailbox;EXCHANGE ONLINE KIOSK;23/09/2026;13;Não;ATIVA
alef.ribeiro@cscpaulooctavio.com.br;Álef Soares Ribeiro;UserMailbox;MICROSOFT 365 BUSINESS STANDARD;23/09/2026;13;Não;ATIVA
contato@tgs.com.br;contato;UserMailbox;EXCHANGE ONLINE (PLAN 1);05/05/2025;519;Sim;WHITELIST
maria.rodrigues@jkshoppingdf.com.br;Maria Tereza Mendes Rodrigues;UserMailbox;EXCHANGE ONLINE KIOSK;Nunca Acessada;999;Não;REVISAR (NUNCA ACESSADA)
jocyane.jesus@jkshoppingdf.com.br;Jocyane Carvalho de Jesus;UserMailbox;EXCHANGE ONLINE KIOSK;23/09/2026;13;Não;ATIVA
arquitetura.jk@jkshoppingdf.com.br;Aquitetura Jk;UserMailbox;EXCHANGE ONLINE KIOSK;Nunca Acessada;999;Sim;WHITELIST
gerencia@residenceoceania.com.br;Carlos Eduardo Diniz Vilanova;UserMailbox;EXCHANGE ONLINE (PLAN 1), MICROSOFT FABRIC (FREE);23/09/2026;13;Não;ATIVA
noreply@paulooctavio.com.br;Não responda;UserMailbox;EXCHANGE ONLINE KIOSK;Nunca Acessada;999;Sim;WHITELIST
pietra.araujo@paulooctavio.com.br;Pietra Vargas Lespinasse Araújo;UserMailbox;MICROSOFT 365 BUSINESS STANDARD, MICROSOFT POWER AUTOMATE FREE;04/09/2026;32;Não;ATIVA
juliana.lemos@cscpaulooctavio.com.br;Juliana Lemos Gonçalves Matos;UserMailbox;MICROSOFT 365 BUSINESS STANDARD;23/09/2026;13;Não;ATIVA
creditoemfolha@paulooctavio.com.br;Luiz Eduardo Soares da Silva;UserMailbox;EXCHANGE ONLINE KIOSK;23/09/2026;13;Não;ATIVA
jose.silva@paulooctavio.com.br;Jose Ivan Bezerra da Silva;UserMailbox;EXCHANGE ONLINE (PLAN 1);23/09/2026;13;Não;ATIVA
comercial@manhattanshopping.com.br;Comercial Manhattan Shopping;SharedMailbox;EXCHANGE ONLINE (PLAN 1);Nunca Acessada;999;Sim;WHITELIST
rejane.santos@paulooctavio.com.br;Rejane da Silva Santos;UserMailbox;EXCHANGE ONLINE KIOSK;22/09/2026;14;Não;ATIVA
leticia.silva@paulooctavio.com.br;Letícia  Souza Silva;UserMailbox;MICROSOFT 365 BUSINESS STANDARD;23/09/2026;13;Não;ATIVA
joao.santana@paulooctavio.com.br;João Lucas Inácio Sant'Ana;UserMailbox;MICROSOFT 365 BUSINESS STANDARD;23/09/2026;13;Não;ATIVA
luan.dias@tgs.com.br;Luan Vitor Souza Dias;UserMailbox;MICROSOFT 365 BUSINESS STANDARD;23/09/2026;13;Não;ATIVA
sac@manhattanshopping.com.br;Sac Manhattan;UserMailbox;EXCHANGE ONLINE (PLAN 1);Nunca Acessada;999;Sim;WHITELIST
andre.macedo@paulooctavio.com.br;Andre Lima Macedo;UserMailbox;MICROSOFT 365 BUSINESS STANDARD;23/09/2026;13;Não;ATIVA
adriana.sousa@paulooctavio.com.br;Adriana Marinho de Sousa;UserMailbox;EXCHANGE ONLINE (PLAN 1);23/09/2026;13;Não;ATIVA
evanice.silva@paulooctavio.com.br;Evanice José Cardoso da Silva;UserMailbox;MICROSOFT 365 BUSINESS STANDARD;22/09/2026;14;Não;ATIVA
hundson.amorim@brasiliashopping.com.br;Hundson Araújo Amorim;UserMailbox;MICROSOFT 365 BUSINESS STANDARD;23/09/2026;13;Não;ATIVA
sandra.barbosa@paulooctavio.com.br;Sandra da Silva Barbosa;UserMailbox;MICROSOFT 365 BUSINESS STANDARD;22/09/2026;14;Não;ATIVA
miguel.pedroso@jkshoppingdf.com.br;Miguel Ferreira Pedroso;UserMailbox;EXCHANGE ONLINE KIOSK;22/09/2026;14;Não;ATIVA
leticia.alves@paulooctavio.com.br;Leticia Ferreira Alves;UserMailbox;MICROSOFT 365 BUSINESS STANDARD;23/09/2026;13;Não;ATIVA
felipe.guimaraes@jkshoppingdf.com.br;Felipe de Mesquita Guimarães;UserMailbox;MICROSOFT 365 BUSINESS STANDARD, MICROSOFT FABRIC (FREE), MICROSOFT POWER AUTOMATE FREE, MICROSOFT POWER APPS FOR DEVELOPER;23/09/2026;13;Não;ATIVA
financeiro@principal.com.br;Financeiro contrato;UserMailbox;EXCHANGE ONLINE (PLAN 1);06/02/2026;242;Sim;WHITELIST
ronaldo@principal.com.br;Ronaldo Contrato;UserMailbox;EXCHANGE ONLINE (PLAN 1);Nunca Acessada;999;Sim;WHITELIST
recepcao@numberonedf.com.br;Recepção Number One;UserMailbox;EXCHANGE ONLINE KIOSK;16/09/2026;20;Não;ATIVA
ceop@numberonedf.com.br;Central de Operações - CEOP;UserMailbox;EXCHANGE ONLINE KIOSK;07/05/2026;152;Não;CANDIDATA A BLOQUEIO
gessio@principal.com.br;Gessio Contrato;UserMailbox;EXCHANGE ONLINE (PLAN 1);Nunca Acessada;999;Sim;WHITELIST
amanda@principal.com.br;Amanda Contrato;UserMailbox;EXCHANGE ONLINE (PLAN 1);Nunca Acessada;999;Sim;WHITELIST
rafael.silva@paulooctavio.com.br;Rafael  Reval da Silva;UserMailbox;MICROSOFT 365 BUSINESS BASIC, PLANNER AND PROJECT PLAN 3;23/09/2026;13;Não;ATIVA
kely.teixeira@paulooctavio.com.br;Kely Verônica Gomes Teixeira;UserMailbox;MICROSOFT 365 BUSINESS BASIC;22/09/2026;14;Não;ATIVA
suporte@poenergy.com.br;Suporte PO Energy;UserMailbox;EXCHANGE ONLINE (PLAN 1);23/09/2026;13;Não;ATIVA
henrique.santos@superquadrasrecanto.com.br;Henrique Caiapó Santos;UserMailbox;MICROSOFT 365 BUSINESS BASIC;23/09/2026;13;Não;ATIVA
adriano.gomes@superquadrasrecanto.com.br;Adriano Alves Gomes;UserMailbox;MICROSOFT 365 BUSINESS BASIC;23/09/2026;13;Não;ATIVA
luiz.rocco@superquadrasrecanto.com.br;Luis Alberto Rivas Rocco;UserMailbox;MICROSOFT 365 BUSINESS BASIC;16/09/2026;20;Não;ATIVA
francisco.lima@superquadrasrecanto.com.br;Francisco das Chagas Dutra Fontinele Lima;UserMailbox;MICROSOFT 365 BUSINESS BASIC;23/09/2026;13;Não;ATIVA
celso.nascimento@superquadrasrecanto.com.br;Celso  da Silva Nascimento;UserMailbox;MICROSOFT 365 BUSINESS BASIC;23/09/2026;13;Não;ATIVA
kalebe.rodrigues@principal.com.br;Kalebe Rodrigues;UserMailbox;MICROSOFT 365 BUSINESS BASIC, MICROSOFT POWER AUTOMATE FREE, MICROSOFT FABRIC (FREE);23/09/2026;13;Não;ATIVA
leticia.pimentel@paulooctavio.com.br;Leticia  de Jesus Gomes Pimentel;UserMailbox;MICROSOFT 365 BUSINESS BASIC;23/09/2026;13;Não;ATIVA
carlos.nazario@cscpaulooctavio.com.br;Carlos Eduardo Nazário dos Santos;UserMailbox;EXCHANGE ONLINE KIOSK;Nunca Acessada;999;Não;REVISAR (NUNCA ACESSADA)
julia.souza@jkshoppingdf.com.br;Julia Rafaella Araújo Souza;UserMailbox;EXCHANGE ONLINE KIOSK;01/07/2026;97;Não;CANDIDATA A BLOQUEIO
yasmin.santos@terracoshopping.com.br;Yasmin de Sousa Santos;UserMailbox;MICROSOFT 365 BUSINESS BASIC;Nunca Acessada;999;Não;REVISAR (NUNCA ACESSADA)
michell.gomes@paulooctavio.com.br;Michell da Costa Gomes;UserMailbox;EXCHANGE ONLINE KIOSK;23/09/2026;13;Não;ATIVA
lucas.barbosa@paulooctavio.com.br;Lucas Trindade Barbosa;UserMailbox;MICROSOFT 365 BUSINESS BASIC;23/09/2026;13;Não;ATIVA
cassio.goes@paulooctavio.com.br;Cassio Vinicio Sobrinho de Goes;UserMailbox;MICROSOFT 365 BUSINESS BASIC;01/09/2026;35;Não;ATIVA
thalia.oliveira@brasiliashopping.com.br;Thalia Lima de Oliveira;UserMailbox;EXCHANGE ONLINE KIOSK;Nunca Acessada;999;Não;REVISAR (NUNCA ACESSADA)
leonardo.motta@principal.com.br;Leonardo Lagos da Motta;UserMailbox;MICROSOFT POWER AUTOMATE FREE, MICROSOFT 365 BUSINESS BASIC;23/09/2026;13;Não;ATIVA
jeova.correia@principal.com.br;Jeová Correia;UserMailbox;MICROSOFT POWER AUTOMATE FREE, EXCHANGE ONLINE (PLAN 1);02/09/2026;34;Não;ATIVA
kesia.ferreira@principal.com.br;Kesia Silveira Ferreira;UserMailbox;EXCHANGE ONLINE KIOSK;18/08/2026;49;Não;ATIVA
alex.rabis@paulooctavio.com.br;Alex Geronimo de Sousa Rabis;UserMailbox;MICROSOFT 365 BUSINESS STANDARD;23/09/2026;13;Não;ATIVA
controle.acesso@manhattanshopping.com.br;controle acesso;UserMailbox;EXCHANGE ONLINE (PLAN 1);23/09/2025;378;Sim;WHITELIST
michelly.seltz@paulooctavio.com.br;Michelly Bárbara da Cruz Vieira Seltz;UserMailbox;MICROSOFT 365 BUSINESS STANDARD, MICROSOFT POWER AUTOMATE FREE, MICROSOFT FABRIC (FREE);23/09/2026;13;Não;ATIVA
agatha.alencar@jkshoppingdf.com.br;Agatha Jackeline Mangueira de Alencar;UserMailbox;EXCHANGE ONLINE KIOSK;22/09/2026;14;Não;ATIVA
gestao.desenvolvimento@paulooctavio.com.br;Gestao Desenvolvimento;UserMailbox;EXCHANGE ONLINE KIOSK;23/09/2026;13;Sim;WHITELIST
christiane.fernandes@cscpaulooctavio.com.br;Christiane de Assumção Sampaio Fernandes;UserMailbox;MICROSOFT 365 BUSINESS STANDARD;23/09/2026;13;Não;ATIVA
gabriela.santos@cscpaulooctavio.com.br;Gabriela Marques dos Santos;UserMailbox;MICROSOFT 365 BUSINESS BASIC;23/09/2026;13;Não;ATIVA
samuel.silva@cscpaulooctavio.com.br;Samuel de Souza Silva;UserMailbox;MICROSOFT 365 BUSINESS BASIC, MICROSOFT POWER AUTOMATE FREE;17/09/2026;19;Não;ATIVA
ruan.costa@taguatingashopping.com.br;Ruan Dourado de Oliveira Costa;UserMailbox;EXCHANGE ONLINE (PLAN 1);Nunca Acessada;999;Não;REVISAR (NUNCA ACESSADA)
dalila.costa@paulooctavio.com.br;Dalila  Brenda Martins Costa;UserMailbox;MICROSOFT POWER AUTOMATE FREE, MICROSOFT 365 BUSINESS BASIC;23/09/2026;13;Não;ATIVA
neivaldo.dourado@paulooctavio.com.br;Neivaldo Ribeiro Dourado;UserMailbox;MICROSOFT 365 BUSINESS STANDARD;23/09/2026;13;Não;ATIVA
arthur.oliveira@paulooctavio.com.br;Arthur Vilanova Oliveira;UserMailbox;MICROSOFT FABRIC (FREE), MICROSOFT POWER AUTOMATE FREE, MICROSOFT 365 BUSINESS BASIC;23/09/2026;13;Não;ATIVA
thiago.fonseca@terracoshopping.com.br;Thiago de França Fonseca;UserMailbox;EXCHANGE ONLINE KIOSK;22/06/2026;106;Não;CANDIDATA A BLOQUEIO
thairyne.santos@manhattanshopping.com.br;Thairyne Brigida Lima dos Santos;UserMailbox;MICROSOFT 365 BUSINESS STANDARD, MICROSOFT FABRIC (FREE);23/09/2026;13;Não;ATIVA
alice.lima@manhattanshopping.com.br;Alice Rodrigues Lima;UserMailbox;MICROSOFT 365 BUSINESS STANDARD;23/09/2026;13;Não;ATIVA
filipi.silva@paulooctavio.com.br;Filipi de Moraes Silva;UserMailbox;EXCHANGE ONLINE KIOSK;23/09/2026;13;Não;ATIVA
mateus.marial@paulooctavio.com.br;Mateus Emerson Marial de Oliveira;UserMailbox;MICROSOFT POWER AUTOMATE FREE, MICROSOFT 365 BUSINESS BASIC;23/09/2026;13;Não;ATIVA
joao.paula@paulooctavio.com.br;Joao Vitor Curvina de Paula;UserMailbox;EXCHANGE ONLINE KIOSK;Nunca Acessada;999;Não;REVISAR (NUNCA ACESSADA)
garagem@condominiosaus.com.br;Garagem SAUS;UserMailbox;EXCHANGE ONLINE KIOSK;23/09/2026;13;Não;ATIVA
joseane.santos@jkshoppingdf.com.br;Joseane da Silva Ferreira dos Santos;UserMailbox;EXCHANGE ONLINE (PLAN 1);22/09/2026;14;Não;ATIVA
guilherme.reis@paulooctavio.com.br;Guilherme Martins dos Reis;UserMailbox;MICROSOFT 365 BUSINESS BASIC, MICROSOFT POWER AUTOMATE FREE;23/09/2026;13;Não;ATIVA
gustavo.nascimento@manhattanshopping.com.br;Gustavo Henrique  Magalhães Nascimento;UserMailbox;MICROSOFT 365 BUSINESS BASIC;23/09/2026;13;Não;ATIVA
khevin.sampaio@paulooctavio.com.br;Khevin Fernandes Sampaio;UserMailbox;MICROSOFT FABRIC (FREE), EXCHANGE ONLINE KIOSK;23/09/2026;13;Não;ATIVA
cleison.silva@paulooctavio.com.br;Cleison Ribeiro da Silva;UserMailbox;MICROSOFT 365 BUSINESS STANDARD;14/09/2026;22;Não;ATIVA
ramon.maldonado@manhattanshopping.com.br;Ramon Cirilo Maldonado;UserMailbox;EXCHANGE ONLINE (PLAN 1), MICROSOFT POWER AUTOMATE FREE;23/09/2026;13;Não;ATIVA
seguranca@manhattanshopping.com.br;Supervisor de Segurança;UserMailbox;EXCHANGE ONLINE (PLAN 1);23/09/2026;13;Não;ATIVA
matheus.silva@manhattanshopping.com.br;Matheus Gabriel Silva;UserMailbox;MICROSOFT POWER AUTOMATE FREE, MICROSOFT 365 BUSINESS STANDARD;23/09/2026;13;Não;ATIVA
everton.marques@manhattanshopping.com.br;Everton Batista Marques;UserMailbox;EXCHANGE ONLINE (PLAN 1), MICROSOFT FABRIC (FREE);23/09/2026;13;Não;ATIVA
limpeza@manhattanshopping.com.br;Encarregado de Limpeza;UserMailbox;EXCHANGE ONLINE (PLAN 1);31/07/2026;67;Sim;WHITELIST
bruno.dias@paulooctavio.com.br;Bruno Raphael de Almeida Dias;UserMailbox;MICROSOFT POWER AUTOMATE FREE, MICROSOFT 365 BUSINESS STANDARD;23/09/2026;13;Não;ATIVA
administrativo@residenceoceania.com.br;Vanessa Nascimento de Melo Santana;UserMailbox;EXCHANGE ONLINE KIOSK;23/09/2026;13;Não;ATIVA
carlos.santos@jkshoppingdf.com.br;Carlos Thiago Borges dos  Santos;UserMailbox;EXCHANGE ONLINE KIOSK;22/07/2026;76;Não;CANDIDATA A BLOQUEIO
diego.carvalho@terracoshopping.com.br;Diego Douglas  da Silva Carvalho;UserMailbox;EXCHANGE ONLINE (PLAN 1);Nunca Acessada;999;Não;REVISAR (NUNCA ACESSADA)
yorrana.oliveira@paulooctavio.com.br;Yorrana Emily Maciel de Oliveira;UserMailbox;EXCHANGE ONLINE (PLAN 1);18/09/2026;18;Não;ATIVA
karine.melo@terracoshopping.com.br;Karine Macedo Geiger de Melo;UserMailbox;MICROSOFT 365 BUSINESS STANDARD;23/09/2026;13;Não;ATIVA
leticia.flor@brasiliashopping.com.br;Leticia Marques Flor;UserMailbox;EXCHANGE ONLINE (PLAN 1);21/09/2026;15;Não;ATIVA
vanessa.sousa@brasiliashopping.com.br;Vanessa Cristina Pereira de Sousa;UserMailbox;EXCHANGE ONLINE (PLAN 1);20/09/2026;16;Não;ATIVA
sofia.portugal@paulooctavio.com.br;Sofia de Freitas Portugal;UserMailbox;MICROSOFT POWER AUTOMATE FREE, MICROSOFT 365 BUSINESS STANDARD;23/09/2026;13;Não;ATIVA
mauro.perfeito@brasiliashopping.com.br;Mauro Henrique de Mendonça Perfeito;UserMailbox;MICROSOFT 365 BUSINESS STANDARD;23/09/2026;13;Não;ATIVA
felipe.medina@paulooctavio.com.br;Felipe Santos Medina;UserMailbox;MICROSOFT 365 BUSINESS BASIC;14/08/2026;53;Não;ATIVA
paula.magalhaes@paulooctavio.com.br;Paula Sampaio Magalhães;UserMailbox;MICROSOFT 365 BUSINESS STANDARD, MICROSOFT POWER AUTOMATE FREE;23/09/2026;13;Não;ATIVA
larissa.silva@paulooctavio.com.br;Larissa Karolinne Freitas da Silva;UserMailbox;MICROSOFT 365 BUSINESS STANDARD, MICROSOFT POWER AUTOMATE FREE;23/09/2026;13;Não;ATIVA
amanda.feitosa@paulooctavio.com.br;Amanda Silveira Feitosa;UserMailbox;MICROSOFT POWER AUTOMATE FREE, MICROSOFT 365 BUSINESS STANDARD;16/09/2026;20;Não;ATIVA
manutencao@manhattanshopping.com.br;Manutenção Manhattan Shopping;UserMailbox;EXCHANGE ONLINE KIOSK;22/07/2026;76;Não;CANDIDATA A BLOQUEIO
adriano.alves@poenergy.com.br;Adriano Silva Alves;UserMailbox;MICROSOFT 365 BUSINESS STANDARD;Nunca Acessada;999;Não;REVISAR (NUNCA ACESSADA)
lucas.dantas@brasiliashopping.com.br;Lucas Santana Dantas;UserMailbox;MICROSOFT 365 BUSINESS STANDARD;23/09/2026;13;Não;ATIVA
marcela.lisboa@paulooctavio.com.br;Marcela Lisboa;UserMailbox;MICROSOFT 365 BUSINESS BASIC, MICROSOFT POWER AUTOMATE FREE;23/09/2026;13;Não;ATIVA
alessandro.cardoso@principal.com.br;Alessandro Afonso de Almeida Cardoso;UserMailbox;MICROSOFT 365 BUSINESS BASIC, MICROSOFT POWER AUTOMATE FREE;23/09/2026;13;Não;ATIVA
erica.luana@paulooctavio.com.br;Erica Luana Bastos;UserMailbox;MICROSOFT 365 BUSINESS BASIC, MICROSOFT FABRIC (FREE);23/09/2026;13;Não;ATIVA
larissa.neves@paulooctavio.com.br;Larissa de Araujo das Neves;UserMailbox;MICROSOFT 365 BUSINESS STANDARD;23/09/2026;13;Não;ATIVA
central@manhattanshopping.com.br;Central Segurança;UserMailbox;EXCHANGE ONLINE (PLAN 1);23/09/2026;13;Não;ATIVA
camila.guimaraes@paulooctavio.com.br;Camila Alves Guimarães;UserMailbox;MICROSOFT 365 BUSINESS STANDARD, MICROSOFT POWER AUTOMATE FREE;22/09/2026;14;Não;ATIVA
larissa.almeida@jkshoppingdf.com.br;Larissa Lorrany Juvino Almeida;UserMailbox;EXCHANGE ONLINE KIOSK;23/09/2026;13;Não;ATIVA
katarina.silva@poenergy.com.br;Katarina Conceição da Silva;UserMailbox;EXCHANGE ONLINE (PLAN 1);23/09/2026;13;Não;ATIVA
kaiky.oliveira@paulooctavio.com.br;kaiky borges lima oliveira;UserMailbox;MICROSOFT FABRIC (FREE), MICROSOFT POWER AUTOMATE FREE, MICROSOFT 365 BUSINESS STANDARD;23/09/2026;13;Não;ATIVA
carlos.nova@principal.com.br;Carlos  Vila Nova;UserMailbox;MICROSOFT 365 BUSINESS BASIC, MICROSOFT POWER AUTOMATE FREE;31/08/2026;36;Não;ATIVA
brigada@po700.com.br;Brigada PO 700;UserMailbox;EXCHANGE ONLINE KIOSK;28/08/2026;39;Não;ATIVA
wellington.oliveira@manhattanshopping.com.br;Wellington Alves  de Souza Oliveira;UserMailbox;EXCHANGE ONLINE KIOSK;Nunca Acessada;999;Não;REVISAR (NUNCA ACESSADA)
noreply@cscpaulooctavio.com.br;noreply desenvolvimento;UserMailbox;EXCHANGE ONLINE (PLAN 1);23/09/2026;13;Sim;WHITELIST
mariana.duarte@paulooctavio.com.br;Mariana da Silva Duarte;UserMailbox;MICROSOFT 365 BUSINESS BASIC;23/09/2026;13;Não;ATIVA
marcelo.capetta@paulooctavio.com.br;Marcelo Capetta;UserMailbox;EXCHANGE ONLINE (PLAN 1);23/09/2026;13;Não;ATIVA
camila.fonseca@principal.com.br;Camila  Pereira Fonseca;UserMailbox;MICROSOFT 365 BUSINESS STANDARD, MICROSOFT POWER AUTOMATE FREE;23/09/2026;13;Não;ATIVA
amanda.cortez@terracoshopping.com.br;Amanda  Cortez;UserMailbox;MICROSOFT 365 BUSINESS STANDARD, POWER BI PRO;23/09/2026;13;Não;ATIVA
raquel.costa@cscpaulooctavio.com.br;Raquel Santos Costa;UserMailbox;MICROSOFT 365 BUSINESS STANDARD;23/09/2026;13;Não;ATIVA
vistoria.aluguel2@paulooctavio.com.br;Daniel Nery Vitoriano Imobiliaria;UserMailbox;EXCHANGE ONLINE KIOSK;23/09/2026;13;Não;ATIVA
jose.carmo@paulooctavio.com.br;Jose Montenegro do Carmo Junior;UserMailbox;EXCHANGE ONLINE KIOSK;22/09/2026;14;Não;ATIVA
contato@principal.com.br;Contato Principal;UserMailbox;EXCHANGE ONLINE KIOSK;Nunca Acessada;999;Sim;WHITELIST
jessica.soares@paulooctavio.com.br;Jéssica  dos Santos Soares;UserMailbox;MICROSOFT 365 BUSINESS BASIC;23/09/2026;13;Não;ATIVA
esther.cunha@superquadrasrecanto.com.br;Esther Souza da Cunha;UserMailbox;EXCHANGE ONLINE (PLAN 1);22/09/2026;14;Não;ATIVA
lucas.teixeira@superquadrasrecanto.com.br;Lucas Santos Teixeira;UserMailbox;EXCHANGE ONLINE (PLAN 1);23/09/2026;13;Não;ATIVA
ygor.crizanto@paulooctavio.com.br;YGOR GUSTAVO  ALMEIDA CRIZANTO;UserMailbox;EXCHANGE ONLINE (PLAN 1);09/09/2026;27;Não;ATIVA
anderson.oliveira@superquadrasrecanto.com.br;Anderson Calado de Oliveira;UserMailbox;EXCHANGE ONLINE (PLAN 1), MICROSOFT TEAMS EXPLORATORY;23/09/2026;13;Não;ATIVA
ygor.silva@paulooctavio.com.br;Ygor Santos da Silva;UserMailbox;EXCHANGE ONLINE KIOSK;23/09/2026;13;Não;ATIVA
antonio.sousa@superquadrasrecanto.com.br;Antônio Tarcisio de Almeida Sousa;UserMailbox;EXCHANGE ONLINE (PLAN 1);18/06/2026;110;Não;CANDIDATA A BLOQUEIO
wilmar.junior@jkshoppingdf.com.br;Wilmar Alves Ventura Junior;UserMailbox;EXCHANGE ONLINE KIOSK;15/09/2026;21;Não;ATIVA
gabriela.faria@cscpaulooctavio.com.br;Gabriela de Sousa Faria;UserMailbox;MICROSOFT 365 BUSINESS STANDARD;23/09/2026;13;Não;ATIVA
gerencia@jkshoppingdf.com.br;Gerencia  Controladoria;UserMailbox;MICROSOFT 365 BUSINESS BASIC;26/03/2026;194;Sim;WHITELIST
gabriel.souza@paulooctavio.com.br;Gabriel Kelci de Souza;UserMailbox;EXCHANGE ONLINE KIOSK;23/09/2026;13;Não;ATIVA
osiel.castro@terracoshopping.com.br;Osiel Andrade de Castro;UserMailbox;EXCHANGE ONLINE KIOSK;Nunca Acessada;999;Não;REVISAR (NUNCA ACESSADA)
loris.ferreira@paulooctavio.com.br;Loris Dias Ferreira;UserMailbox;MICROSOFT 365 BUSINESS BASIC, MICROSOFT FABRIC (FREE);23/09/2026;13;Não;ATIVA
julia.oliveira@superquadrasrecanto.com.br;Julia Beatriz  Silva de Oliveira;UserMailbox;MICROSOFT 365 BUSINESS BASIC;23/09/2026;13;Não;ATIVA
marco.nogueira@paulooctavio.com.br;Marco Aurélio Alves Nogueira;UserMailbox;MICROSOFT 365 BUSINESS BASIC;23/09/2026;13;Não;ATIVA
victor.fernandes@paulooctavio.com.br;Victor Cesar Vasconcelos Fernandes;UserMailbox;EXCHANGE ONLINE (PLAN 1);23/09/2026;13;Não;ATIVA
guilherme.santos@paulooctavio.com.br;Guilherme dos Santos Viana;UserMailbox;MICROSOFT 365 BUSINESS BASIC;22/09/2026;14;Não;ATIVA
marta.vasconcelos@paulooctavio.com.br;Marta Sampaio de Vasconcelos;UserMailbox;EXCHANGE ONLINE (PLAN 1);22/09/2026;14;Não;ATIVA
andre.andrade@cscpaulooctavio.com.br;André Luiz Queiroz de Andrade;UserMailbox;MICROSOFT 365 BUSINESS STANDARD;18/09/2026;18;Não;ATIVA
aguinaldo.barbosa@paulooctavio.com.br;Aguinaldo Barbosa;UserMailbox;EXCHANGE ONLINE (PLAN 1);23/09/2026;13;Não;ATIVA
gisele.andrade@paulooctavio.com.br;Gisele Silva de Andrade;UserMailbox;EXCHANGE ONLINE (PLAN 1);23/09/2026;13;Não;ATIVA
jose.carvalho@paulooctavio.com.br;Jose Roberto Carvalho;UserMailbox;EXCHANGE ONLINE (PLAN 1);23/09/2026;13;Não;ATIVA
natalia.castro@paulooctavio.com.br;Natalia Rodrigues Barbosa de Castro;UserMailbox;EXCHANGE ONLINE (PLAN 1);Nunca Acessada;999;Não;REVISAR (NUNCA ACESSADA)
celiene.cristalino@paulooctavio.com.br;Celiene  de Araújo Cristalino;UserMailbox;MICROSOFT 365 BUSINESS BASIC, MICROSOFT POWER AUTOMATE FREE;23/09/2026;13;Não;ATIVA
juliana.costa@brasiliashopping.com.br;Juliana Caroline Belle Nova da Costa;UserMailbox;MICROSOFT 365 BUSINESS STANDARD;22/09/2026;14;Não;ATIVA
adley.souza@cscpaulooctavio.com.br;Adley Marques Souza;UserMailbox;MICROSOFT 365 BUSINESS BASIC, MICROSOFT POWER AUTOMATE FREE;22/09/2026;14;Não;ATIVA
raquel.reis@paulooctavio.com.br;Raquel  de Queiroz Reis;UserMailbox;MICROSOFT 365 BUSINESS STANDARD;23/09/2026;13;Não;ATIVA
tecnico.aluguel@paulooctavio.com.br;Kauan Rodrigues Calista;UserMailbox;MICROSOFT 365 BUSINESS STANDARD, MICROSOFT FABRIC (FREE);23/09/2026;13;Não;ATIVA
vitor.galvao@tgs.com.br;Vitor Silva Galvão;UserMailbox;MICROSOFT 365 BUSINESS STANDARD;23/09/2026;13;Não;ATIVA
wesley.fernandes@paulooctavio.com.br;Wesley  Pereira Fernandes;UserMailbox;MICROSOFT 365 BUSINESS BASIC, MICROSOFT POWER AUTOMATE FREE, MICROSOFT FABRIC (FREE);23/09/2026;13;Não;ATIVA
rodrigo.melo@paulooctavio.com.br;Rodrigo Alves de Melo;UserMailbox;MICROSOFT 365 BUSINESS BASIC, MICROSOFT POWER AUTOMATE FREE;23/09/2026;13;Não;ATIVA
emanuel.pinheiro@superquadrasrecanto.com.br;Emanuel  Veloso Pinheiro;UserMailbox;EXCHANGE ONLINE (PLAN 1);Nunca Acessada;999;Não;REVISAR (NUNCA ACESSADA)
nei.sousa@paulooctavio.com.br;Nei dos santos sousa;UserMailbox;EXCHANGE ONLINE (PLAN 1);23/09/2026;13;Não;ATIVA
eduarda.silva@tgs.com.br;Eduarda Silva Carapiá;UserMailbox;EXCHANGE ONLINE (PLAN 1);23/09/2026;13;Não;ATIVA
walter.figueiredo@poenergy.com.br;Walter Santana Feitosa Figueiredo;UserMailbox;EXCHANGE ONLINE (PLAN 1);23/09/2026;13;Não;ATIVA
isabela.sousa@pomidia.com.br;Isabela Teixeira de Sousa;UserMailbox;MICROSOFT 365 BUSINESS BASIC;23/09/2026;13;Não;ATIVA
pietro.araujo@poenergy.com.br;Pietro Maiuolo de Araujo;UserMailbox;EXCHANGE ONLINE KIOSK;23/09/2026;13;Não;ATIVA
lais.carvalho@paulooctavio.com.br;Laís Aimée Brito de Carvalho;SharedMailbox;MICROSOFT 365 BUSINESS STANDARD;23/09/2026;13;Não;ATIVA
emanuelle.ferreira@superquadrasrecanto.com.br;Emanuelle Dias Ferreira;UserMailbox;MICROSOFT 365 BUSINESS BASIC, MICROSOFT POWER AUTOMATE FREE;23/09/2026;13;Não;ATIVA
lucas.lima@superquadrasrecanto.com.br;Lucas Batista Lima;UserMailbox;EXCHANGE ONLINE (PLAN 1);10/09/2026;26;Não;ATIVA
isabela.vieira@superquadrasrecanto.com.br;Isabela Fachinetto Vieira;UserMailbox;MICROSOFT POWER AUTOMATE FREE, MICROSOFT 365 BUSINESS BASIC;23/09/2026;13;Não;ATIVA
arthur.marques@superquadrasrecanto.com.br;Arthur Pereira Marques P.;UserMailbox;MICROSOFT 365 BUSINESS BASIC, MICROSOFT POWER AUTOMATE FREE;23/09/2026;13;Não;ATIVA
guilherme.perfeito@superquadrasrecanto.com.br;Guilherme Nunes Perfeito;UserMailbox;MICROSOFT 365 BUSINESS BASIC, MICROSOFT FABRIC (FREE);23/09/2026;13;Não;ATIVA
maria.sousa@jkshoppingdf.com.br;Maria José Cardoso Sousa;UserMailbox;MICROSOFT 365 BUSINESS STANDARD;23/09/2026;13;Não;ATIVA
ricardo.montenegro@paulooctavio.com.br;Ricardo Montenegro Passos;UserMailbox;EXCHANGE ONLINE KIOSK;23/09/2026;13;Não;ATIVA
daiana.santos@paulooctavio.com.br;Daiana Silva dos Santos;UserMailbox;EXCHANGE ONLINE (PLAN 1);23/09/2026;13;Não;ATIVA
carlos.silva@paulooctavio.com.br;Carlos Henrique da Silva e Silva;UserMailbox;EXCHANGE ONLINE KIOSK;23/09/2026;13;Não;ATIVA
ana.queiroz@paulooctavio.com.br;Ana Carolina Alves de Queiroz;UserMailbox;MICROSOFT 365 BUSINESS STANDARD;23/09/2026;13;Não;ATIVA
eduardo.ramos@paulooctavio.com.br;Eduardo  Dutra Ramos;UserMailbox;EXCHANGE ONLINE KIOSK;23/09/2026;13;Não;ATIVA
kaio.fernandes@cscpaulooctavio.com.br;Kaio Lucas Caetano Fernandes;UserMailbox;MICROSOFT 365 BUSINESS STANDARD;22/09/2026;14;Não;ATIVA
pollyana.mota@paulooctavio.com.br;Pollyana Lopes Siqueira Mota;UserMailbox;EXCHANGE ONLINE KIOSK;10/08/2026;57;Não;ATIVA
larissa.linhares@paulooctavio.com.br;Larissa Linhares  Silva;UserMailbox;MICROSOFT POWER AUTOMATE FREE, MICROSOFT 365 BUSINESS BASIC;23/09/2026;13;Não;ATIVA
pedro.queiroz@cscpaulooctavio.com.br;Pedro Henrique Costa Queiroz;UserMailbox;EXCHANGE ONLINE KIOSK;23/09/2026;13;Não;ATIVA
joao.vieira@superquadrasrecanto.com.br;João Ricardo Gonçalves Vieira;UserMailbox;EXCHANGE ONLINE (PLAN 1);23/09/2026;13;Não;ATIVA
regina.ferreira@cscpaulooctavio.com.br;Regina Maria Lima Ferreira;UserMailbox;EXCHANGE ONLINE KIOSK;23/09/2026;13;Não;ATIVA
rafael.honorato@paulooctavio.com.br;Rafael  Correia Honorato;UserMailbox;EXCHANGE ONLINE KIOSK;23/09/2026;13;Não;ATIVA
adriana.fialho@paulooctavio.com.br;Adriana de Moura Fialho;UserMailbox;MICROSOFT POWER AUTOMATE FREE, MICROSOFT 365 BUSINESS STANDARD;23/09/2026;13;Não;ATIVA
marcelo.oliveira@superquadrasrecanto.com.br;Marcelo  Fernandes de Oliveira;UserMailbox;EXCHANGE ONLINE KIOSK;22/09/2026;14;Não;ATIVA
stefany.castro@cscpaulooctavio.com.br;Stefany Pereira de Castro;UserMailbox;MICROSOFT 365 BUSINESS STANDARD;23/09/2026;13;Não;ATIVA
elton.alves@paulooctavio.com.br;Elton Pires Alves;UserMailbox;EXCHANGE ONLINE (PLAN 1), MICROSOFT FABRIC (FREE);23/09/2026;13;Não;ATIVA
sofia.souza@superquadrasrecanto.com.br;Sofia Ciara Santana de Souza;UserMailbox;MICROSOFT BUSINESS CENTER, EXCHANGE ONLINE (PLAN 1);23/09/2026;13;Não;ATIVA
cristiane.chagas@paulooctavio.com.br;Cristiane Nunes das Chagas;UserMailbox;MICROSOFT 365 BUSINESS BASIC;23/09/2026;13;Não;ATIVA
willian.lima@cscpaulooctavio.com.br;Willian  De Lima;UserMailbox;MICROSOFT 365 BUSINESS STANDARD;22/09/2026;14;Não;ATIVA
josue.borges@superquadrasrecanto.com.br;Josue Angelo Borges;UserMailbox;EXCHANGE ONLINE (PLAN 1);23/09/2026;13;Não;ATIVA
amanda.cunha@cscpaulooctavio.com.br;Amanda  Pereira da Cunha;UserMailbox;MICROSOFT POWER AUTOMATE FREE, MICROSOFT 365 BUSINESS STANDARD;23/09/2026;13;Não;ATIVA
eventos.plaza@pomidia.com.br;Eventos Plaza;UserMailbox;MICROSOFT 365 BUSINESS STANDARD;23/09/2026;13;Não;ATIVA
luciana.serpa@cscpaulooctavio.com.br;Luciana Lima Serpa;UserMailbox;EXCHANGE ONLINE (PLAN 1), MICROSOFT TEAMS EXPLORATORY;15/09/2026;21;Não;ATIVA
patrick.damasceno@residenceoceania.com.br;Patrick Abreu Damasceno;UserMailbox;EXCHANGE ONLINE KIOSK;22/09/2026;14;Não;ATIVA
cobranca@superquadrasrecanto.com.br;Cobranca Super Quadras;UserMailbox;EXCHANGE ONLINE (PLAN 1), MICROSOFT FABRIC (FREE);17/09/2026;19;Não;ATIVA
ketlle.amorim@manhattanshopping.com.br;Ketlle Ferreira Amorim;UserMailbox;EXCHANGE ONLINE (PLAN 1);21/09/2026;15;Não;ATIVA
gabriel.araujo@superquadrasrecanto.com.br;Gabriel Ribeiro Araújo;UserMailbox;MICROSOFT 365 BUSINESS BASIC;14/09/2026;22;Não;ATIVA
vinicius.dantas@tgs.com.br;Vinicius Moreira Dantas;UserMailbox;EXCHANGE ONLINE KIOSK;23/09/2026;13;Não;ATIVA
keilane.sousa@terracoshopping.com.br;Keilane Rodrigues de Sousa;UserMailbox;EXCHANGE ONLINE (PLAN 1);28/08/2026;39;Não;ATIVA
ana.aguiar@principal.com.br;Ana Luiza Ferreira de Aguiar;UserMailbox;MICROSOFT 365 BUSINESS STANDARD, MICROSOFT POWER AUTOMATE FREE, MICROSOFT FABRIC (FREE);23/09/2026;13;Não;ATIVA
danilo.holanda@principal.com.br;Danilo Henrique Vargas Holanda;UserMailbox;EXCHANGE ONLINE KIOSK;20/08/2026;47;Não;ATIVA
lois.souza@manhattanshopping.com.br;Lois Lene Cardoso Souza;UserMailbox;MICROSOFT 365 BUSINESS BASIC;Nunca Acessada;999;Não;REVISAR (NUNCA ACESSADA)
maria.silva@paulooctavio.com.br;Maria Cristina da Silva;UserMailbox;MICROSOFT 365 BUSINESS STANDARD;06/08/2026;61;Não;CANDIDATA A BLOQUEIO
bruno.tempesta@paulooctavio.com.br;Bruno Tempesta;UserMailbox;MICROSOFT 365 BUSINESS STANDARD;24/08/2026;43;Não;ATIVA
alyne.oliveira@manhattanshopping.com.br;Alyne Gomes dos Santos de Oliveira;UserMailbox;EXCHANGE ONLINE (PLAN 1);Nunca Acessada;999;Não;REVISAR (NUNCA ACESSADA)
william.castro@paulooctavio.com.br;William Ferreira de Castro;UserMailbox;EXCHANGE ONLINE (PLAN 1), MICROSOFT FABRIC (FREE);22/09/2026;14;Não;ATIVA
comercial@superquadrasrecanto.com.br;Comercial REC;UserMailbox;EXCHANGE ONLINE (PLAN 1);Nunca Acessada;999;Sim;WHITELIST
comercial1@superquadrasrecanto.com.br;Comercial REC envios;UserMailbox;EXCHANGE ONLINE (PLAN 1);23/09/2026;13;Não;ATIVA
adrielle.santos@paulooctavio.com.br;Adrielle Ribeiro dos Santos;UserMailbox;EXCHANGE ONLINE (PLAN 1);22/09/2026;14;Não;ATIVA
maria.moura@brasiliashopping.com.br;Maria Ingrid Gonçalves Moura;UserMailbox;MICROSOFT 365 BUSINESS STANDARD;23/09/2026;13;Não;ATIVA
sandro.siqueira@poenergy.com.br;Sandro Soares Siqueira;UserMailbox;MICROSOFT 365 BUSINESS STANDARD;15/09/2026;21;Não;ATIVA
jessika.borba@paulooctavio.com.br;Jéssika  Pereira Borba;UserMailbox;EXCHANGE ONLINE KIOSK;23/09/2026;13;Não;ATIVA
frederico.fernandes@paulooctavio.com.br;Frederico  da Silva Fernandes;UserMailbox;MICROSOFT 365 BUSINESS BASIC;23/09/2026;13;Não;ATIVA
nicole.silveira@cscpaulooctavio.com.br;Nicole Cele Silveira;UserMailbox;MICROSOFT 365 BUSINESS STANDARD;23/09/2026;13;Não;ATIVA
luana.azevedo@paulooctavio.com.br;Luana  Lauser Timm Biriato de Azevedo;UserMailbox;MICROSOFT 365 BUSINESS STANDARD;23/09/2026;13;Não;ATIVA
sabrina.albuquerque@paulooctavio.com.br;Sabrina  Albuquerque Oliveira;UserMailbox;MICROSOFT 365 BUSINESS STANDARD;23/09/2026;13;Não;ATIVA
vitoria.prado@cscpaulooctavio.com.br;Vitória Pereira do Prado;UserMailbox;MICROSOFT 365 BUSINESS STANDARD, MICROSOFT FABRIC (FREE);23/09/2026;13;Não;ATIVA
vinicius.goncalves@principal.com.br;Vinícius  Gonçalves;UserMailbox;MICROSOFT 365 BUSINESS STANDARD, MICROSOFT FABRIC (FREE);23/09/2026;13;Não;ATIVA
gabriel.oliveira@principal.com.br;Gabriel Camara Souza de Oliveira;UserMailbox;MICROSOFT 365 BUSINESS STANDARD, MICROSOFT FABRIC (FREE);23/09/2026;13;Não;ATIVA
ronald.pires@paulooctavio.com.br;Ronald Pires Silva;UserMailbox;EXCHANGE ONLINE KIOSK;15/09/2026;21;Não;ATIVA
pedro.dias@paulooctavio.com.br;Pedro  de Abreu Dias;UserMailbox;EXCHANGE ONLINE (PLAN 1), MICROSOFT TEAMS EXPLORATORY;23/09/2026;13;Não;ATIVA
thiago.silva@principal.com.br;Thiago Frederico  Rodrigues da Silva;UserMailbox;EXCHANGE ONLINE (PLAN 1), MICROSOFT TEAMS EXPLORATORY;23/09/2026;13;Não;ATIVA
leandro.cantalice@principal.com.br;Leandro  da Silva Cantalice;UserMailbox;EXCHANGE ONLINE (PLAN 1), MICROSOFT TEAMS EXPLORATORY;22/09/2026;14;Não;ATIVA
beatriz.noleto@cscpaulooctavio.com.br;Beatriz  Noleto Perna;UserMailbox;EXCHANGE ONLINE (PLAN 1);23/09/2026;13;Não;ATIVA
joao.oliveira@paulooctavio.com.br;João Pedro  Cabral Castro de Oliveira;UserMailbox;EXCHANGE ONLINE (PLAN 1);Nunca Acessada;999;Não;REVISAR (NUNCA ACESSADA)
david.teixeira@paulooctavio.com.br;David Henrique  Rodrigues Teixeira;UserMailbox;EXCHANGE ONLINE (PLAN 1);21/09/2026;15;Não;ATIVA
renan.sousa@superquadrasrecanto.com.br;Renan  Pereira De Sousa;UserMailbox;EXCHANGE ONLINE KIOSK;Nunca Acessada;999;Não;REVISAR (NUNCA ACESSADA)
helkem.araujo@paulooctavio.com.br;Helkem Araújo;UserMailbox;EXCHANGE ONLINE (PLAN 1);21/09/2026;15;Não;ATIVA
daniel.souza@principal.com.br;Daniel Alves de Oliveira de Souza;UserMailbox;MICROSOFT 365 BUSINESS BASIC;22/09/2026;14;Não;ATIVA
faturamento@cscshoppingspaulooctavio.com.br;Fatura POENERGY;Desconhecido;EXCHANGE ONLINE (PLAN 1);Nunca Acessada;999;Sim;WHITELIST
dandara.guimaraes@cscpaulooctavio.com.br;Dandara  Guimaraes;UserMailbox;MICROSOFT 365 BUSINESS STANDARD;23/09/2026;13;Não;ATIVA
manutencao@po700.com.br;Manutenção PO700;UserMailbox;EXCHANGE ONLINE KIOSK;Nunca Acessada;999;Não;REVISAR (NUNCA ACESSADA)
monica.magalhaes@paulooctavio.com.br;Mônica Lemos Magalhães;UserMailbox;EXCHANGE ONLINE (PLAN 1);Nunca Acessada;999;Não;REVISAR (NUNCA ACESSADA)
paulo.arruda@tgs.com.br;Paulo Roberto Martins de Arruda;UserMailbox;MICROSOFT FABRIC (FREE), MICROSOFT 365 BUSINESS STANDARD;23/09/2026;13;Não;ATIVA
balcao@tgs.com.br;Balcão Taguatinga;UserMailbox;EXCHANGE ONLINE KIOSK;23/09/2026;13;Sim;WHITELIST
edevaldo.pereira@terracoshopping.com.br;Edevaldo Gonçalves Pereira;UserMailbox;MICROSOFT 365 BUSINESS BASIC;23/09/2026;13;Não;ATIVA
ana.araujo@jkshoppingdf.com.br;Ana Cristina Ferreira de Araujo;UserMailbox;EXCHANGE ONLINE (PLAN 1);23/09/2026;13;Não;ATIVA
piter.silva@terracoshopping.com.br;Piter Martins Silva;UserMailbox;MICROSOFT 365 BUSINESS STANDARD, MICROSOFT FABRIC (FREE);04/09/2026;32;Não;ATIVA
ana.santos@tgs.com.br;Ana Paula Santos;UserMailbox;MICROSOFT 365 BUSINESS STANDARD, MICROSOFT POWER AUTOMATE FREE;23/09/2026;13;Não;ATIVA
andre.silva@tgs.com.br;Andre Rodolfo Lima da Silva;UserMailbox;POWER BI PRO, PLANNER AND PROJECT PLAN 3, MICROSOFT 365 BUSINESS STANDARD, MICROSOFT POWER AUTOMATE FREE;23/09/2026;13;Não;ATIVA
dienes.souza@terracoshopping.com.br;Dienes Ferreira de Souza;UserMailbox;MICROSOFT 365 BUSINESS STANDARD;23/09/2026;13;Não;ATIVA
fatima.teixeira@jkshoppingdf.com.br;Fátima Beatriz Teixeira Guará;UserMailbox;MICROSOFT 365 BUSINESS STANDARD, POWER BI PRO;23/09/2026;13;Não;ATIVA
geraldo.mello@cscpo.com.br;Geraldo Cardoso de Mello;UserMailbox;MICROSOFT 365 BUSINESS STANDARD, POWER BI PRO;23/09/2026;13;Não;ATIVA
sarah.vieira@cscpaulooctavio.com.br;Sarah Dantas Vieira Costa;UserMailbox;MICROSOFT FABRIC (FREE), MICROSOFT 365 BUSINESS STANDARD;23/09/2026;13;Não;ATIVA
roberto.morais@cscpaulooctavio.com.br;Roberto Carlos de Morais;UserMailbox;MICROSOFT 365 BUSINESS STANDARD;23/09/2026;13;Não;ATIVA
marcelo.junior@cscpaulooctavio.com.br;Marcelo Junior;UserMailbox;EXCHANGE ONLINE (PLAN 1);27/08/2025;405;Sim;WHITELIST
epa@cscpo.com.br;EPA CSC;UserMailbox;EXCHANGE ONLINE (PLAN 1);23/09/2026;13;Sim;WHITELIST
portalrh@cscpaulooctavio.com.br;PORTAL RH;UserMailbox;EXCHANGE ONLINE KIOSK;31/07/2026;67;Sim;WHITELIST
sac@brasiliashopping.com.br;Serviço Atendimento ao Cliente;UserMailbox;EXCHANGE ONLINE KIOSK;23/09/2026;13;Sim;WHITELIST
antonio.sousa@tgs.com.br;Antônio Carlos de Sousa;UserMailbox;MICROSOFT 365 BUSINESS STANDARD;23/09/2026;13;Não;ATIVA
central@tgs.com.br;Central Taguatinga;UserMailbox;EXCHANGE ONLINE (PLAN 1);23/09/2026;13;Sim;WHITELIST
keylla.menescal@jkshoppingdf.com.br;Keylla Larissa da Silva Menescal;UserMailbox;MICROSOFT 365 BUSINESS STANDARD;11/09/2026;25;Não;ATIVA
sac@taguatingashopping.com.br;Sac Taguatinga;UserMailbox;EXCHANGE ONLINE (PLAN 1);23/09/2026;13;Sim;WHITELIST
michelle.santos@cscpaulooctavio.com.br;Michelle Cicera Vieira dos Santos;UserMailbox;MICROSOFT FABRIC (FREE), MICROSOFT 365 BUSINESS STANDARD;22/09/2026;14;Não;ATIVA
ana.melo@tgs.com.br;Ana Gabriela Furtado de Melo;UserMailbox;MICROSOFT POWER AUTOMATE FREE, MICROSOFT 365 BUSINESS STANDARD, PLANNER AND PROJECT PLAN 3;23/09/2026;13;Não;ATIVA
elaine.rosa@cscpaulooctavio.com.br;Elaine de Abadia Rosa Morais;UserMailbox;MICROSOFT 365 BUSINESS STANDARD;23/09/2026;13;Não;ATIVA
eliza.ferreira@jkshoppingdf.com.br;Eliza Maria Ferreira;UserMailbox;POWER BI PRO, MICROSOFT 365 BUSINESS STANDARD;23/09/2026;13;Não;ATIVA
sandra.rodrigues@cscshoppingspaulooctavio.com.br;Sandra Rodrigues da Costa;UserMailbox;MICROSOFT FABRIC (FREE), MICROSOFT 365 BUSINESS STANDARD;23/09/2026;13;Não;ATIVA
neide.louza@tgs.com.br;Neide Cristina Louza;UserMailbox;MICROSOFT 365 BUSINESS STANDARD;23/09/2026;13;Não;ATIVA
nadia.oliveira@tgs.com.br;Nadia Regina Carvalho de Oliveira;UserMailbox;POWER BI PRO, MICROSOFT 365 BUSINESS STANDARD;23/09/2026;13;Não;ATIVA
francisco.silva@cscpaulooctavio.com.br;Francisco Silva;UserMailbox;MICROSOFT 365 BUSINESS STANDARD, MICROSOFT POWER AUTOMATE FREE;23/09/2026;13;Não;ATIVA
gilberto.azevedo@brasiliashopping.com.br;Gilberto Mendes de Azevedo;UserMailbox;POWER BI PRO, MICROSOFT 365 BUSINESS STANDARD;23/09/2026;13;Não;ATIVA
regimar.queiroz@jkshoppingdf.com.br;Regimar de Souza Santos Queiroz;UserMailbox;MICROSOFT 365 BUSINESS STANDARD;23/09/2026;13;Não;ATIVA
renata.gomes@brasiliashopping.com.br;Renata de Rezende Vale Gomes;UserMailbox;MICROSOFT 365 BUSINESS STANDARD, MICROSOFT POWER AUTOMATE FREE;23/09/2026;13;Não;ATIVA
liliane.melo@brasiliashopping.com.br;Liliane Nascimento de Melo Parente;UserMailbox;MICROSOFT 365 BUSINESS STANDARD;23/09/2026;13;Não;ATIVA
loana.carvalho@tgs.com.br;Loana Oliveira Carvalho;UserMailbox;MICROSOFT 365 BUSINESS STANDARD, MICROSOFT FABRIC (FREE);23/09/2026;13;Não;ATIVA
marcos.atayde@tgs.com.br;Marcos Augusto de Atayde;UserMailbox;POWER BI PRO, MICROSOFT 365 BUSINESS STANDARD, MICROSOFT POWER AUTOMATE FREE;10/09/2026;26;Não;ATIVA
marcos.gomes@terracoshopping.com.br;Marcos Roberto Brito Gomes;UserMailbox;MICROSOFT 365 BUSINESS STANDARD;23/09/2026;13;Não;ATIVA
goretti.severo@cscpaulooctavio.com.br;Goretti Santos Severo;UserMailbox;MICROSOFT 365 BUSINESS STANDARD;23/09/2026;13;Não;ATIVA
phelipe.lopo@jkshoppingdf.com.br;Phelipe Ferreira Lopo;UserMailbox;MICROSOFT 365 BUSINESS STANDARD;23/09/2026;13;Não;ATIVA
monitoramento@cscshoppingspaulooctavio.com.br;Monitoramento CSC;UserMailbox;EXCHANGE ONLINE KIOSK;04/11/2023;1067;Sim;WHITELIST
keila.silva@cscpaulooctavio.com.br;Keila Fernanda Gomes da Silva;UserMailbox;MICROSOFT 365 BUSINESS STANDARD;23/09/2026;13;Não;ATIVA
izabel.santos@pomidia.com.br;Izabel Santos;UserMailbox;MICROSOFT 365 BUSINESS STANDARD;23/09/2026;13;Não;ATIVA
derci.vieira@jkshoppingdf.com.br;Derci Vieira de Carvalho;UserMailbox;MICROSOFT FABRIC (FREE), MICROSOFT 365 BUSINESS STANDARD;15/09/2026;21;Não;ATIVA
abadio.pacheco@brasiliashopping.com.br;Abadio Rodrigues Pacheco;UserMailbox;MICROSOFT 365 BUSINESS STANDARD;22/09/2026;14;Não;ATIVA
fraldario@tgs.com.br;Fraldario Taguatinga;UserMailbox;EXCHANGE ONLINE (PLAN 1);22/09/2026;14;Sim;WHITELIST
andreia.lima@brasiliashopping.com.br;Andréia Pereira Lima Martíns;UserMailbox;POWER BI PRO, MICROSOFT 365 BUSINESS STANDARD;23/09/2026;13;Não;ATIVA
edcarlos.costa@cscpaulooctavio.com.br;Edcarlos Rodrigues da Costa;UserMailbox;MICROSOFT 365 BUSINESS STANDARD;23/09/2026;13;Não;ATIVA
marcio.silva@cscpaulooctavio.com.br;Márcio Rodrigues Silva;UserMailbox;POWER BI PRO, MICROSOFT 365 BUSINESS STANDARD;23/09/2026;13;Não;ATIVA
monaliza.maia@jkshoppingdf.com.br;Monaliza Maia;UserMailbox;MICROSOFT 365 BUSINESS STANDARD, POWER BI PRO;23/09/2026;13;Não;ATIVA
paulo.santana@brasiliashopping.com.br;Paulo Afonso;UserMailbox;MICROSOFT 365 BUSINESS STANDARD, POWER BI PRO;23/09/2026;13;Não;ATIVA
raphael.dantas@cscpaulooctavio.com.br;Raphael Wilker Santana Dantas;UserMailbox;MICROSOFT FABRIC (FREE), MICROSOFT 365 BUSINESS STANDARD, MICROSOFT POWER AUTOMATE FREE;23/09/2026;13;Não;ATIVA
jehnefe.nascimento@cscshoppingspaulooctavio.com.br;Jehnefe Moura do Nascimento;SharedMailbox;MICROSOFT 365 BUSINESS BASIC;09/09/2022;1488;Sim;WHITELIST
ricardo.vieira@terracoshopping.com.br;Ricardo Vieira;UserMailbox;POWER BI PRO, MICROSOFT 365 BUSINESS STANDARD;23/09/2026;13;Não;ATIVA
