"PrimarySmtpAddress";"RecipientTypeDetails"
"abadio.pacheco@brasiliashopping.com.br";"UserMailbox"
"acesso365@cscpaulooctavio.com.br";"SharedMailbox"
"acolhimento@cscpaulooctavio.com.br";"SharedMailbox"
"adenilson.leite@paulooctavio.com.br";"UserMailbox"
"adley.souza@cscpaulooctavio.com.br";"UserMailbox"
"admin@paulooctavio.com.br";"UserMailbox"
"admin@poconsult.com.br";"SharedMailbox"
"administrativo@numberonedf.com.br";"UserMailbox"
"administrativo@po700.com.br";"UserMailbox"
"administrativo@condominiosaus.com.br";"UserMailbox"
"administrativo@polegacy.com.br";"UserMailbox"
"adriana.souza@paulooctavio.com.br";"UserMailbox"
"adriana.fialho@paulooctavio.com.br";"UserMailbox"
"adriana.ferreira@cscpaulooctavio.com.br";"UserMailbox"
"adriana.sousa@paulooctavio.com.br";"UserMailbox"
"adriano.gomes@superquadrasrecanto.com.br";"UserMailbox"
"adriano.silva@tgs.com.br";"UserMailbox"
"adriano.alves@poenergy.com.br";"UserMailbox"
"adriano.sousa@brasiliashopping.com.br";"SharedMailbox"
"adriano.torres@terracoshopping.com.br";"UserMailbox"
"adrielle.santos@paulooctavio.com.br";"UserMailbox"
"agatha.alencar@jkshoppingdf.com.br";"UserMailbox"
"AgendadeReuniesPOMdiaRenataRibeiro@cscshoppingspaulooctavio.com.br";"SchedulingMailbox"
"AgendadeReuniesPOMdiaRenataRibeiroCpia@cscshoppingspaulooctavio.com.br";"SchedulingMailbox"
"aguinaldo.barbosa@paulooctavio.com.br";"UserMailbox"
"ailton.filho@paulooctavio.com.br";"UserMailbox"
"ailton.araujo@jkshoppingdf.com.br";"UserMailbox"
"aldair.silva@paulooctavio.com.br";"UserMailbox"
"aldo.rezende@paulooctavio.com.br";"UserMailbox"
"alef.ribeiro@cscpaulooctavio.com.br";"UserMailbox"
"alessandro.cardoso@principal.com.br";"UserMailbox"
"alex.souza@paulooctavio.com.br";"SharedMailbox"
"alex.rabis@paulooctavio.com.br";"UserMailbox"
"alex.duarte@paulooctavio.com.br";"SharedMailbox"
"alexandre.santos@taguatingashopping.com.br";"UserMailbox"
"alexandre.silva@paulooctavio.com.br";"UserMailbox"
"alexandre.volpi@paulooctavio.com.br";"UserMailbox"
"alexandro.melo@terracoshopping.com.br";"UserMailbox"
"alexsander.nascimento@paulooctavio.com.br";"UserMailbox"
"alexsandra.nascimento@brasiliashopping.com.br";"UserMailbox"
"alice.espinheira@paulooctavio.com.br";"UserMailbox"
"alice.lima@manhattanshopping.com.br";"UserMailbox"
"aline.borges@jkshoppingdf.com.br";"SharedMailbox"
"aline.melo@paulooctavio.com.br";"UserMailbox"
"alison.canuto@paulooctavio.com.br";"SharedMailbox"
"allefe.torres@tgs.com.br";"SharedMailbox"
"alvaro.filho@terracoshopping.com.br";"UserMailbox"
"alyne.oliveira@manhattanshopping.com.br";"UserMailbox"
"amanda.cortez@terracoshopping.com.br";"UserMailbox"
"amanda.cunha@cscpaulooctavio.com.br";"UserMailbox"
"amanda.borges@brasiliashopping.com.br";"UserMailbox"
"amanda@principal.com.br";"UserMailbox"
"amanda.costa@brasiliashopping.com.br";"SharedMailbox"
"amanda.feitosa@paulooctavio.com.br";"UserMailbox"
"ana.queiroz@paulooctavio.com.br";"UserMailbox"
"ana.chaves@pomidia.com.br";"SharedMailbox"
"ana.rodrigues@terracoshopping.com.br";"SharedMailbox"
"ana.silva@taguatingashopping.com.br";"UserMailbox"
"ana.araujo@jkshoppingdf.com.br";"UserMailbox"
"ana.melo@tgs.com.br";"UserMailbox"
"ana.santos@paulooctavio.com.br";"UserMailbox"
"ana.feitosa@paulooctavio.com.br";"SharedMailbox"
"ana.aguiar@principal.com.br";"UserMailbox"
"ana.beserra@cscpaulooctavio.com.br";"UserMailbox"
"ana.santos@tgs.com.br";"UserMailbox"
"ana.melo@paulooctavio.com.br";"UserMailbox"
"ana.silva@paulooctavio.com.br";"UserMailbox"
"anderson.pereira@tgs.com.br";"UserMailbox"
"anderson.oliveira@superquadrasrecanto.com.br";"UserMailbox"
"anderson.santos@paulooctavio.com.br";"SharedMailbox"
"andre.mendonca@paulooctavio.com.br";"SharedMailbox"
"andre.costa@brasiliashopping.com.br";"UserMailbox"
"andre.barbosa@cscpaulooctavio.com.br";"SharedMailbox"
"andre.medeiros@terracoshopping.com.br";"UserMailbox"
"andre.macedo@paulooctavio.com.br";"UserMailbox"
"andre.oliveira@taguatingashopping.com.br";"UserMailbox"
"andre.ribeiro@paulooctavio.com.br";"UserMailbox"
"andre.jesus@jkshoppingdf.com.br";"SharedMailbox"
"andre.andrade@cscpaulooctavio.com.br";"UserMailbox"
"andre.silva@tgs.com.br";"UserMailbox"
"andre.dantas@terracoshopping.com.br";"UserMailbox"
"andre.santana@paulooctavio.com.br";"SharedMailbox"
"andreia.lima@brasiliashopping.com.br";"UserMailbox"
"andres.silva@paulooctavio.com.br";"UserMailbox"
"andressa.rodrigues@paulooctavio.com.br";"UserMailbox"
"andressa.melo@brasiliashopping.com.br";"UserMailbox"
"andressa.andrade@paulooctavio.com.br";"UserMailbox"
"andreza.pinheiro@brasiliashopping.com.br";"SharedMailbox"
"angela.sousa@brasiliashopping.com.br";"SharedMailbox"
"angelo.carvalho@paulooctavio.com.br";"UserMailbox"
"anisio.neto@paulooctavio.com.br";"UserMailbox"
"gabriella.agle@paulooctavio.com.br";"UserMailbox"
"antonio.sousa@tgs.com.br";"UserMailbox"
"antonio.froz@brasiliashopping.com.br";"UserMailbox"
"antonio.filismino@paulooctavio.com.br";"UserMailbox"
"antonio.mangabeira@paulooctavio.com.br";"UserMailbox"
"antonio.sousa@superquadrasrecanto.com.br";"UserMailbox"
"antonio.silva@jkshoppingdf.com.br";"UserMailbox"
"app@poenergy.com.br";"SharedMailbox"
"arquitetura.jk@jkshoppingdf.com.br";"UserMailbox"
"arantes.diniz@paulooctavio.com.br";"UserMailbox"
"arquivocsc@cscshoppingspaulooctavio.com.br";"SharedMailbox"
"arthur.guimaraes@paulooctavio.com.br";"UserMailbox"
"arthur.marques@superquadrasrecanto.com.br";"UserMailbox"
"arthur.oliveira@paulooctavio.com.br";"UserMailbox"
"arysandro.fernandes@superquadrasrecanto.com.br";"SharedMailbox"
"assessoriapo@paulooctavio.com.br";"SharedMailbox"
"assistencia@paulooctavio.com.br";"SharedMailbox"
"augusto.carvalho@jkshoppingdf.com.br";"SharedMailbox"
"balcao@jkshoppingdf.com.br";"SharedMailbox"
"balcao@brasiliashopping.com.br";"SharedMailbox"
"balcao@tgs.com.br";"UserMailbox"
"balcao@terracoshopping.com.br";"SharedMailbox"
"bdr@poenergy.com.br";"UserMailbox"
"beatriz.noleto@cscpaulooctavio.com.br";"UserMailbox"
"bianca.silva@cscpaulooctavio.com.br";"UserMailbox"
"estacionamento@taguatingashopping.com.br";"SharedMailbox"
"nataly.rodrigues@paulooctavio.com.br";"UserMailbox"
"brenda.pamplona@paulooctavio.com.br";"UserMailbox"
"breno.freitas@paulooctavio.com.br";"SharedMailbox"
"brigada@jkshoppingdf.com.br";"SharedMailbox"
"brigada@po700.com.br";"UserMailbox"
"brigada@taguatingashopping.com.br";"SharedMailbox"
"brigada@terracoshopping.com.br";"SharedMailbox"
"bruna.cruz@jkshoppingdf.com.br";"UserMailbox"
"bruna.cunha@paulooctavio.com.br";"SharedMailbox"
"bruna.faria@paulooctavio.com.br";"SharedMailbox"
"bruna.barroso@taguatingashopping.com.br";"SharedMailbox"
"brunno.souza@jkshoppingdf.com.br";"UserMailbox"
"bruno.martins@paulooctavio.com.br";"SharedMailbox"
"bruno.oliveira@paulooctavio.com.br";"UserMailbox"
"bruno.marra@paulooctavio.com.br";"SharedMailbox"
"bruno.oliveira@brasiliashopping.com.br";"UserMailbox"
"bruno.dias@paulooctavio.com.br";"UserMailbox"
"bruno.salas@poenergy.com.br";"UserMailbox"
"bruno.silva@paulooctavio.com.br";"UserMailbox"
"bruno.tempesta@paulooctavio.com.br";"UserMailbox"
"caio.pereira@taguatingashopping.com.br";"SharedMailbox"
"caio.oliveira@paulooctavio.com.br";"UserMailbox"
"camila.fonseca@principal.com.br";"UserMailbox"
"camila.guimaraes@paulooctavio.com.br";"UserMailbox"
"camila.borba@manhattanshopping.com.br";"SharedMailbox"
"camila.garrido@paulooctavio.com.br";"SharedMailbox"
"camilla.antunes@paulooctavio.com.br";"UserMailbox"
"carla.estevam@paulooctavio.com.br";"UserMailbox"
"carla.santos@tgs.com.br";"UserMailbox"
"carlos.teixeira@tgs.com.br";"UserMailbox"
"carlos.nova@principal.com.br";"UserMailbox"
"carlos.lima@paulooctavio.com.br";"UserMailbox"
"gerencia@numberonedf.com.br";"UserMailbox"
"carlos.ferreira@brasiliashopping.com.br";"SharedMailbox"
"gerencia@residenceoceania.com.br";"UserMailbox"
"carlos.nazario@cscpaulooctavio.com.br";"UserMailbox"
"carlos.silva@brasiliashopping.com.br";"UserMailbox"
"carlos.silva@paulooctavio.com.br";"UserMailbox"
"carlos.mesquita@cscpaulooctavio.com.br";"SharedMailbox"
"carlos.almeida@cscshoppingspaulooctavio.com.br";"SharedMailbox"
"carlos.fonseca@terracoshopping.com.br";"SharedMailbox"
"carlos.santos@jkshoppingdf.com.br";"UserMailbox"
"carlos.xavier@paulooctavio.com.br";"UserMailbox"
"cassio.goes@paulooctavio.com.br";"UserMailbox"
"caue.americo@tgs.com.br";"UserMailbox"
"celiene.cristalino@paulooctavio.com.br";"UserMailbox"
"celio.lima@paulooctavio.com.br";"UserMailbox"
"celso.nascimento@superquadrasrecanto.com.br";"UserMailbox"
"celso.nascimento@paulooctavio.com.br";"SharedMailbox"
"celso.pagy@paulooctavio.com.br";"UserMailbox"
"celson.pereira@tgs.com.br";"UserMailbox"
"central.brappas@taguatingashopping.com.br";"SharedMailbox"
"ceop@numberonedf.com.br";"UserMailbox"
"central@jkshoppingdf.com.br";"SharedMailbox"
"central@manhattanshopping.com.br";"UserMailbox"
"central@tgs.com.br";"UserMailbox"
"cham.chikhi@paulooctavio.com.br";"UserMailbox"
"christiane.rodrigues@terracoshopping.com.br";"SharedMailbox"
"christiane.fernandes@cscpaulooctavio.com.br";"UserMailbox"
"cicero.castro@paulooctavio.com.br";"SharedMailbox"
"cleia.melo@terracoshopping.com.br";"SharedMailbox"
"cleison.silva@paulooctavio.com.br";"UserMailbox"
"cleiton.araujo@jkshoppingdf.com.br";"UserMailbox"
"cobranca@cscpaulooctavio.com.br";"UserMailbox"
"cobranca@brappas.com.br";"SharedMailbox"
"cobranca@superquadrasrecanto.com.br";"UserMailbox"
"comercial1@brasiliashopping.com.br";"SharedMailbox"
"comercial@shoppingspo.com.br";"SharedMailbox"
"comercial@manhattanshopping.com.br";"SharedMailbox"
"comercial@poenergy.com.br";"UserMailbox"
"comercial@principal.com.br";"SharedMailbox"
"comercial@superquadrasrecanto.com.br";"UserMailbox"
"comercial1@superquadrasrecanto.com.br";"UserMailbox"
"compliance@cscshoppingspaulooctavio.com.br";"SharedMailbox"
"compliance@paulooctavio.com.br";"SharedMailbox"
"compras@cscshoppingspaulooctavio.com.br";"SharedMailbox"
"comprasonline@paulooctavio.com.br";"SharedMailbox"
"comunicadoscsc@cscpaulooctavio.com.br";"SharedMailbox"
"comunicados@poenergy.com.br";"UserMailbox"
"comunicados@paulooctavio.com.br";"UserMailbox"
"conceicao.novais@paulooctavio.com.br";"SharedMailbox"
"condominios@cscpo.com.br";"SharedMailbox"
"preposto.cnpq@paulooctavio.com.br";"UserMailbox"
"contabilidade@cscpo.com.br";"SharedMailbox"
"contato@tgs.com.br";"UserMailbox"
"contato@pomidia.com.br";"UserMailbox"
"contato@poenergy.com.br";"UserMailbox"
"contato@principal.com.br";"UserMailbox"
"contato@tgssolidario.com.br";"UserMailbox"
"controladoria@manhattanshopping.com.br";"SharedMailbox"
"controle@paulooctavio.com.br";"SharedMailbox"
"controle.acesso@manhattanshopping.com.br";"UserMailbox"
"cotacao@paulooctavio.com.br";"UserMailbox"
"cristiane.chagas@paulooctavio.com.br";"UserMailbox"
"cristiano.oliveira@terracoshopping.com.br";"UserMailbox"
"cristiano.rodrigues@paulooctavio.com.br";"UserMailbox"
"crm@terracoshopping.com.br";"SharedMailbox"
"csc@cscpaulooctavio.com.br";"SharedMailbox"
"Cscgerencia@cscshoppingspaulooctavio.com.br";"SchedulingMailbox"
"CscgerenciaCpia@cscshoppingspaulooctavio.com.br";"SchedulingMailbox"
"csp@cscpo.com.br";"UserMailbox"
"daiana.santos@paulooctavio.com.br";"UserMailbox"
"dailan.santos@paulooctavio.com.br";"SharedMailbox"
"dalila.costa@paulooctavio.com.br";"UserMailbox"
"damaris.silva@jkshoppingdf.com.br";"UserMailbox"
"damiana.santos@jkshoppingdf.com.br";"UserMailbox"
"damiao.rodrigues@jkshoppingdf.com.br";"SharedMailbox"
"dandara.guimaraes@cscpaulooctavio.com.br";"UserMailbox"
"daniel.souza@principal.com.br";"UserMailbox"
"daniel.paulo@tgs.com.br";"UserMailbox"
"daniel.parente@brasiliashopping.com.br";"SharedMailbox"
"vistoria.aluguel2@paulooctavio.com.br";"UserMailbox"
"daniel.silva@jkshoppingdf.com.br";"UserMailbox"
"daniel.vitoriano@paulooctavio.com.br";"UserMailbox"
"daniela.silva@cscpaulooctavio.com.br";"UserMailbox"
"daniela.evangelista@jkshoppingdf.com.br";"SharedMailbox"
"daniela.martins@paulooctavio.com.br";"SharedMailbox"
"danilo.curado@paulooctavio.com.br";"UserMailbox"
"danilo.franca@cscpaulooctavio.com.br";"UserMailbox"
"danilo.holanda@principal.com.br";"UserMailbox"
"danilo.minekawa@poenergy.com.br";"UserMailbox"
"danusa.pereira@brasiliashopping.com.br";"SharedMailbox"
"dauriane.silva@terracoshopping.com.br";"UserMailbox"
"davi.gomes@tgs.com.br";"UserMailbox"
"davi.lobato@brasiliashopping.com.br";"UserMailbox"
"davi.batista@paulooctavio.com.br";"UserMailbox"
"david.costa@paulooctavio.com.br";"SharedMailbox"
"david.teixeira@paulooctavio.com.br";"UserMailbox"
"dayse.rocha@jkshoppingdf.com.br";"SharedMailbox"
"antecipa@paulooctavio.com.br";"UserMailbox"
"debora.quintanilha@paulooctavio.com.br";"SharedMailbox"
"deivison.melo@brasiliashopping.com.br";"UserMailbox"
"derci.vieira@jkshoppingdf.com.br";"UserMailbox"
"dev@cscpaulooctavio.com.br";"SharedMailbox"
"deysiane.silva@jkshoppingdf.com.br";"UserMailbox"
"diego.camelo@jkshoppingdf.com.br";"SharedMailbox"
"diego.nascimento@poenergy.com.br";"SharedMailbox"
"diego.carvalho@terracoshopping.com.br";"UserMailbox"
"diego.diniz@paulooctavio.com.br";"SharedMailbox"
"diego.santos@tgs.com.br";"UserMailbox"
"diempcomercial@cscpo.com.br";"UserMailbox"
"diempresidencial@cscpo.com.br";"UserMailbox"
"dienes.souza@terracoshopping.com.br";"UserMailbox"
"digital@manhattanshopping.com.br";"UserMailbox"
"diogo.lima@paulooctavio.com.br";"UserMailbox"
"diretoria.controle@paulooctavio.com.br";"SharedMailbox"
"dieng@cscpo.com.br";"UserMailbox"
"DiscoverySearchMailbox{D919BA05-46A6-415f-80AD-7E09334BB852}@cscshoppingspauloctavio.onmicrosoft.com";"DiscoveryMailbox"
"diter@cscpo.com.br";"SharedMailbox"
"domingos.conceicao@brasiliashopping.com.br";"SharedMailbox"
"domingos.santos@taguatingashopping.com.br";"UserMailbox"
"edcarlos.costa@cscpaulooctavio.com.br";"UserMailbox"
"edevaldo.pereira@terracoshopping.com.br";"UserMailbox"
"edglei.santos@paulooctavio.com.br";"SharedMailbox"
"edicleide.silva@paulooctavio.com.br";"SharedMailbox"
"edilberto.barros@tgs.com.br";"UserMailbox"
"edmar.barros@cscshoppingspaulooctavio.com.br";"UserMailbox"
"eduarda.silva@tgs.com.br";"UserMailbox"
"eduardo.ramos@paulooctavio.com.br";"UserMailbox"
"eduardo.miguel@jkshoppingdf.com.br";"SharedMailbox"
"eduardo.rocha@poenergy.com.br";"SharedMailbox"
"eduardo.dias@paulooctavio.com.br";"SharedMailbox"
"eduardo.sampaio@paulooctavio.com.br";"UserMailbox"
"eduardo.azevedo@tgs.com.br";"UserMailbox"
"eduardo.sottero@paulooctavio.com.br";"UserMailbox"
"edvar.filho@cscpaulooctavio.com.br";"UserMailbox"
"edvar.filho@brappas.com.br";"SharedMailbox"
"elaine.rosa@cscpaulooctavio.com.br";"UserMailbox"
"elcio.baldi@paulooctavio.com.br";"UserMailbox"
"elica.vieira@jkshoppingdf.com.br";"UserMailbox"
"eliomar.nascimento@paulooctavio.com.br";"UserMailbox"
"eliza.ferreira@jkshoppingdf.com.br";"UserMailbox"
"elizabeth.cavalcante@paulooctavio.com.br";"SharedMailbox"
"elk.santos@brasiliashopping.com.br";"SharedMailbox"
"elton.alves@paulooctavio.com.br";"UserMailbox"
"emanuel.pinheiro@superquadrasrecanto.com.br";"UserMailbox"
"emanuela.silva@paulooctavio.com.br";"UserMailbox"
"emanuelle.ferreira@superquadrasrecanto.com.br";"UserMailbox"
"emilson.silva@brasiliashopping.com.br";"SharedMailbox"
"NFDICOT@paulooctavio.com.br";"SharedMailbox"
"limpeza@manhattanshopping.com.br";"UserMailbox"
"enizan.santos@paulooctavio.com.br";"SharedMailbox"
"enzo.albuquerque@paulooctavio.com.br";"UserMailbox"
"enzo.abreu@terracoshopping.com.br";"SharedMailbox"
"epa@cscpo.com.br";"UserMailbox"
"erenaldo.bezerra@paulooctavio.com.br";"SharedMailbox"
"eric.oliveira@terracoshopping.com.br";"SharedMailbox"
"erica.luana@paulooctavio.com.br";"UserMailbox"
"erivan.silva@cscpaulooctavio.com.br";"UserMailbox"
"eros.medeiros@cscpaulooctavio.com.br";"UserMailbox"
"esocial@paulooctavio.com.br";"UserMailbox"
"estacionamento@terracoshopping.com.br";"SharedMailbox"
"estagio.dicot@paulooctavio.com.br";"UserMailbox"
"estagio.diemp@paulooctavio.com.br";"UserMailbox"
"esther.cunha@superquadrasrecanto.com.br";"UserMailbox"
"eunice.sousa@terracoshopping.com.br";"SharedMailbox"
"evanice.silva@paulooctavio.com.br";"UserMailbox"
"eventos@jkshoppingdf.com.br";"SharedMailbox"
"eventos.plaza@pomidia.com.br";"UserMailbox"
"eventos@pomidia.com.br";"UserMailbox"
"everton.marques@paulooctavio.com.br";"SharedMailbox"
"everton.marques@manhattanshopping.com.br";"UserMailbox"
"expedicao@taguatingashopping.com.br";"SharedMailbox"
"fabiano.ghisolfi@paulooctavio.com.br";"UserMailbox"
"fabio.alves@jkshoppingdf.com.br";"UserMailbox"
"gestorantecipa@paulooctavio.com.br";"UserMailbox"
"fabio.mendes@paulooctavio.com.br";"UserMailbox"
"fabio.melo@brasiliashopping.com.br";"UserMailbox"
"fabio.ferreira@jkshoppingdf.com.br";"UserMailbox"
"fabricio.silva@tgs.com.br";"UserMailbox"
"fabricio.carata@paulooctavio.com.br";"UserMailbox"
"faleconosco@paulooctavio.com.br";"UserMailbox"
"fatima.teixeira@jkshoppingdf.com.br";"UserMailbox"
"faturamento@poenergy.com.br";"UserMailbox"
"felipe.guimaraes@jkshoppingdf.com.br";"UserMailbox"
"felipe.facanha@paulooctavio.com.br";"UserMailbox"
"felipe.fernandes@paulooctavio.com.br";"UserMailbox"
"felipe.kubitschek@paulooctavio.com.br";"UserMailbox"
"felipe.kubitscheck@poconsult.com.br";"SharedMailbox"
"fkp@paulooctavio.com.br";"UserMailbox"
"felipe.medina@paulooctavio.com.br";"UserMailbox"
"felipe.santos@paulooctavio.com.br";"SharedMailbox"
"fernanda.silva@tgs.com.br";"UserMailbox"
"fernando.almeida@paulooctavio.com.br";"SharedMailbox"
"fernando.nogueira@paulooctavio.com.br";"UserMailbox"
"fernando.marques@terracoshopping.com.br";"UserMailbox"
"fernando.gutierrez@paulooctavio.com.br";"UserMailbox"
"fernando.farias@paulooctavio.com.br";"UserMailbox"
"fernando.nascimento@paulooctavio.com.br";"SharedMailbox"
"filipe.oliveira@paulooctavio.com.br";"SharedMailbox"
"filipe.reis@paulooctavio.com.br";"UserMailbox"
"filipe.reis@terracoshopping.com.br";"SharedMailbox"
"filipi.silva@paulooctavio.com.br";"UserMailbox"
"fillipe.oumori@paulooctavio.com.br";"UserMailbox"
"financeiro@principal.com.br";"UserMailbox"
"financeiro.csc@cscshoppingspaulooctavio.com.br";"SharedMailbox"
"financiamento@paulooctavio.com.br";"SharedMailbox"
"financiamento.cef@paulooctavio.com.br";"SharedMailbox"
"flavia.serpa@pomidia.com.br";"UserMailbox"
"francielly.moura@principal.com.br";"SharedMailbox"
"fraldario@jkshoppingdf.com.br";"SharedMailbox"
"fraldario@brasiliashopping.com.br";"SharedMailbox"
"fraldario@tgs.com.br";"UserMailbox"
"francele.santos@brasiliashopping.com.br";"SharedMailbox"
"francina.sousa@paulooctavio.com.br";"UserMailbox"
"francisco.almeida@paulooctavio.com.br";"UserMailbox"
"francisco.sousa@paulooctavio.com.br";"UserMailbox"
"francisco.coelho@jkshoppingdf.com.br";"UserMailbox"
"francisco.nascimento@tgs.com.br";"UserMailbox"
"francisco.lima@superquadrasrecanto.com.br";"UserMailbox"
"francisco.figueredo@paulooctavio.com.br";"UserMailbox"
"francisco.lins@paulooctavio.com.br";"UserMailbox"
"francisco.silva@taguatingashopping.com.br";"UserMailbox"
"francisco.silva@cscpaulooctavio.com.br";"UserMailbox"
"frank.may@paulooctavio.com.br";"UserMailbox"
"frederico.fernandes@paulooctavio.com.br";"UserMailbox"
"gabriel.santos@taguatingashopping.com.br";"SharedMailbox"
"gabriel.almeida@paulooctavio.com.br";"UserMailbox"
"gabriel.bastos@paulooctavio.com.br";"UserMailbox"
"gabriel.oliveira@principal.com.br";"UserMailbox"
"gabriel.pereira@cscpaulooctavio.com.br";"UserMailbox"
"gabriel.silva@terracoshopping.com.br";"UserMailbox"
"gabriel.silva@taguatingashopping.com.br";"SharedMailbox"
"gabriel.souza@paulooctavio.com.br";"UserMailbox"
"gabriel.araujo@superquadrasrecanto.com.br";"UserMailbox"
"gabriel.azevedo@paulooctavio.com.br";"UserMailbox"
"gabriel.tesine@paulooctavio.com.br";"SharedMailbox"
"gabriela.canielas@paulooctavio.com.br";"UserMailbox"
"gabriela.faria@cscpaulooctavio.com.br";"UserMailbox"
"gabriela.fernandes@paulooctavio.com.br";"UserMailbox"
"gabriela.santos@jkshoppingdf.com.br";"UserMailbox"
"gabriela.mendes@tgs.com.br";"UserMailbox"
"gabriela.santos@cscpaulooctavio.com.br";"UserMailbox"
"gabrielamkt@brasiliashopping.com.br";"SharedMailbox"
"gabriela.mendes@brasiliashopping.com.br";"SharedMailbox"
"gabriela.galvao@paulooctavio.com.br";"UserMailbox"
"gabriele.silva@jkshoppingdf.com.br";"SharedMailbox"
"gabriella.barbosa@principal.com.br";"SharedMailbox"
"garagem@condominiosaus.com.br";"UserMailbox"
"gaudencio.junior@paulooctavio.com.br";"SharedMailbox"
"geanete.pontes@brasiliashopping.com.br";"UserMailbox"
"genilson.rodrigues@cscpaulooctavio.com.br";"UserMailbox"
"gentil.netto@jkshoppingdf.com.br";"UserMailbox"
"geop@brasiliashopping.com.br";"SharedMailbox"
"geracina.rosa@poenergy.com.br";"UserMailbox"
"Geralda.gomes@cscpaulooctavio.com.br";"UserMailbox"
"geraldo.mello@cscpo.com.br";"UserMailbox"
"gerencia@jkshoppingdf.com.br";"UserMailbox"
"gerencia@polegacy.com.br";"UserMailbox"
"gessio@principal.com.br";"UserMailbox"
"gestao.desenvolvimento@paulooctavio.com.br";"UserMailbox"
"rh@cscshoppingspaulooctavio.com.br";"SharedMailbox"
"gilberto.azevedo@brasiliashopping.com.br";"UserMailbox"
"gilmara.couto@paulooctavio.com.br";"UserMailbox"
"gilvan.silva@jkshoppingdf.com.br";"UserMailbox"
"giovana.pereira@jkshoppingdf.com.br";"SharedMailbox"
"giovani.araujo@paulooctavio.com.br";"UserMailbox"
"giovanna.araujo@paulooctavio.com.br";"SharedMailbox"
"giovanna.pinheiro@cscpaulooctavio.com.br";"SharedMailbox"
"giovanna.cantanhede@cscpaulooctavio.com.br";"SharedMailbox"
"gisele.andrade@paulooctavio.com.br";"UserMailbox"
"gislene.freitas@paulooctavio.com.br";"SharedMailbox"
"giuseppe.labanca@cscpaulooctavio.com.br";"UserMailbox"
"gladston.pereira@paulooctavio.com.br";"UserMailbox"
"glauber.costa@pomidia.com.br";"SharedMailbox"
"glaucia.cardozo@paulooctavio.com.br";"UserMailbox"
"glauciane.silva@paulooctavio.com.br";"UserMailbox"
"gleison.santos@paulooctavio.com.br";"SharedMailbox"
"google@manhattanshopping.com.br";"SharedMailbox"
"goretti.severo@cscpaulooctavio.com.br";"UserMailbox"
"guilherme.pereira@brasiliashopping.com.br";"SharedMailbox"
"guilherme.santos@paulooctavio.com.br";"UserMailbox"
"guilherme.magalhaes@jkshoppingdf.com.br";"UserMailbox"
"guilherme.viana@paulooctavio.com.br";"UserMailbox"
"guilherme.reis@paulooctavio.com.br";"UserMailbox"
"guilherme.correa@cscpaulooctavio.com.br";"UserMailbox"
"guilherme.perfeito@superquadrasrecanto.com.br";"UserMailbox"
"guilherme.sousa@cscpaulooctavio.com.br";"SharedMailbox"
"gustavo.nogueira@brasiliashopping.com.br";"SharedMailbox"
"gustavo.nascimento@manhattanshopping.com.br";"UserMailbox"
"gustavo.nascimento@cscshoppingspaulooctavio.com.br";"SharedMailbox"
"gustavo.nascimento@jkshoppingdf.com.br";"SharedMailbox"
"gustavo.bezerra@poenergy.com.br";"SharedMailbox"
"hallyssane.borges@paulooctavio.com.br";"UserMailbox"
"hamilton.conde@paulooctavio.com.br";"UserMailbox"
"helena.paixao@paulooctavio.com.br";"SharedMailbox"
"helia.lago@cscpaulooctavio.com.br";"UserMailbox"
"heliana.guedes@paulooctavio.com.br";"UserMailbox"
"heliane.goncalves@terracoshopping.com.br";"UserMailbox"
"helio.cesar@paulooctavio.com.br";"UserMailbox"
"helkem.araujo@paulooctavio.com.br";"UserMailbox"
"helpdeskpo@paulooctavio.com.br";"SharedMailbox"
"helyever.santos@brasiliashopping.com.br";"UserMailbox"
"hendria.lima@paulooctavio.com.br";"UserMailbox"
"henrique.santos@superquadrasrecanto.com.br";"UserMailbox"
"henrique.souza@jkshoppingdf.com.br";"UserMailbox"
"henrique.neto@tgs.com.br";"SharedMailbox"
"herbert.viana@paulooctavio.com.br";"SharedMailbox"
"higor.moraes@tgs.com.br";"UserMailbox"
"humberto.corte@paulooctavio.com.br";"UserMailbox"
"hundson.amorim@brasiliashopping.com.br";"UserMailbox"
"hyandra.sousa@taguatingashopping.com.br";"UserMailbox"
"ia@poenergy.com.br";"SharedMailbox"
"ianca.rocha@paulooctavio.com.br";"SharedMailbox"
"iara.santos@superquadrasrecanto.com.br";"SharedMailbox"
"imobiliaria@paulooctavio.com.br";"SharedMailbox"
"iolanda.tenorio@paulooctavio.com.br";"UserMailbox"
"isabela.vieira@superquadrasrecanto.com.br";"UserMailbox"
"isabela.fandi@paulooctavio.com.br";"SharedMailbox"
"isabela.sousa@pomidia.com.br";"UserMailbox"
"isabella.almeida@manhattanshopping.com.br";"SharedMailbox"
"isabelle.calixto@brasiliashopping.com.br";"SharedMailbox"
"isabelle.barros@brasiliashopping.com.br";"SharedMailbox"
"isadora.marinho@brasiliashopping.com.br";"SharedMailbox"
"ismael.damasceno@tgs.com.br";"UserMailbox"
"israel.oliveira@tgs.com.br";"UserMailbox"
"israel.marinho@paulooctavio.com.br";"UserMailbox"
"itallo.santos@jkshoppingdf.com.br";"UserMailbox"
"italo.ribeiro@cscpaulooctavio.com.br";"SharedMailbox"
"izabel.santos@pomidia.com.br";"UserMailbox"
"jackson.prata@paulooctavio.com.br";"UserMailbox"
"jackson.santos@brasiliashopping.com.br";"UserMailbox"
"jacqueline.tavares@paulooctavio.com.br";"SharedMailbox"
"jader.lobo@cscpaulooctavio.com.br";"UserMailbox"
"jailton.oliveira@jkshoppingdf.com.br";"UserMailbox"
"jair.alves@cscpaulooctavio.com.br";"UserMailbox"
"jaiston.ribeiro@taguatingashopping.com.br";"UserMailbox"
"jamersson.silva@tgs.com.br";"UserMailbox"
"janaina.alves@paulooctavio.com.br";"SharedMailbox"
"jandira.bernardes@jkshoppingdf.com.br";"UserMailbox"
"jaqueline.oliveira@paulooctavio.com.br";"SharedMailbox"
"jaqueline.pereira@paulooctavio.com.br";"UserMailbox"
"jaqueline.vekic@paulooctavio.com.br";"UserMailbox"
"jaziel.santos@jkshoppingdf.com.br";"SharedMailbox"
"jeaninne.oliveira@jkshoppingdf.com.br";"UserMailbox"
"jefferson.queiroz@terracoshopping.com.br";"SharedMailbox"
"jehnefe.nascimento@cscshoppingspaulooctavio.com.br";"SharedMailbox"
"jeniffer.silva@paulooctavio.com.br";"UserMailbox"
"jeova.correia@principal.com.br";"UserMailbox"
"jeovani.barros@tgs.com.br";"UserMailbox"
"jernando.neves@jkshoppingdf.com.br";"UserMailbox"
"jessica.soares@paulooctavio.com.br";"UserMailbox"
"jessica.caldeira@paulooctavio.com.br";"UserMailbox"
"jessika.borba@paulooctavio.com.br";"UserMailbox"
"jhennifer.araujo@superquadrasrecanto.com.br";"SharedMailbox"
"jhonatan.silva@cscpaulooctavio.com.br";"UserMailbox"
"jkreuniao1@jkshoppingdf.com.br";"RoomMailbox"
"jkreuniao2@jkshoppingdf.com.br";"RoomMailbox"
"joao.sousa@paulooctavio.com.br";"UserMailbox"
"joao.lima@cscpaulooctavio.com.br";"UserMailbox"
"joao.arcanjo@paulooctavio.com.br";"SharedMailbox"
"joao.lima@brasiliashopping.com.br";"UserMailbox"
"joao.herman@paulooctavio.com.br";"UserMailbox"
"joao.simoes@paulooctavio.com.br";"UserMailbox"
"joao.lemos@paulooctavio.com.br";"UserMailbox"
"joao.santana@paulooctavio.com.br";"UserMailbox"
"joao.caland@paulooctavio.com.br";"UserMailbox"
"joao.mesquita@manhattanshopping.com.br";"UserMailbox"
"oliveira.peronico@jkshoppingdf.com.br";"SharedMailbox"
"joao.prado@paulooctavio.com.br";"UserMailbox"
"joao.oliveira@paulooctavio.com.br";"UserMailbox"
"joao.correa@paulooctavio.com.br";"UserMailbox"
"joao.ribeiro@paulooctavio.com.br";"UserMailbox"
"joao.vieira@superquadrasrecanto.com.br";"UserMailbox"
"joao.wehr@cscpaulooctavio.com.br";"UserMailbox"
"joao.batista@paulooctavio.com.br";"SharedMailbox"
"joao.paula@paulooctavio.com.br";"UserMailbox"
"jocyane.jesus@jkshoppingdf.com.br";"UserMailbox"
"joderval.negreiros@cscshoppingspaulooctavio.com.br";"SharedMailbox"
"joelia.jesus@paulooctavio.com.br";"UserMailbox"
"jonathan.barros@tgs.com.br";"SharedMailbox"
"jordania.lima@jkshoppingdf.com.br";"UserMailbox"
"jorge.assuncao@jkshoppingdf.com.br";"UserMailbox"
"jose.brito@pomidia.com.br";"UserMailbox"
"jose.augusto@paulooctavio.com.br";"UserMailbox"
"jose.francisco@paulooctavio.com.br";"UserMailbox"
"jose.silva@paulooctavio.com.br";"UserMailbox"
"jose.paixao@paulooctavio.com.br";"SharedMailbox"
"jose.carmo@paulooctavio.com.br";"UserMailbox"
"jose.carvalho@paulooctavio.com.br";"UserMailbox"
"jose.neto@brasiliashopping.com.br";"UserMailbox"
"joseane.santos@jkshoppingdf.com.br";"UserMailbox"
"josenilson.lima@paulooctavio.com.br";"UserMailbox"
"josiel.souza@terracoshopping.com.br";"SharedMailbox"
"josiel.souza@manhattanshopping.com.br";"UserMailbox"
"josue.borges@superquadrasrecanto.com.br";"UserMailbox"
"juan.silva@poenergy.com.br";"UserMailbox"
"julia.oliveira@superquadrasrecanto.com.br";"UserMailbox"
"julia.souza@jkshoppingdf.com.br";"UserMailbox"
"julia.brito@tgs.com.br";"UserMailbox"
"juliana.vieira@terracoshopping.com.br";"UserMailbox"
"juliana.sousa@brasiliashopping.com.br";"SharedMailbox"
"juliana.albuquerque@paulooctavio.com.br";"SharedMailbox"
"juliana.souza@terracoshopping.com.br";"SharedMailbox"
"juliana.costa@brasiliashopping.com.br";"UserMailbox"
"juliana.pereira@paulooctavio.com.br";"UserMailbox"
"juliana.lemos@cscpaulooctavio.com.br";"UserMailbox"
"juliana.lopes@paulooctavio.com.br";"UserMailbox"
"julio.gomes@paulooctavio.com.br";"SharedMailbox"
"julio.ribas@paulooctavio.com.br";"SharedMailbox"
"juscelino.pereira@paulooctavio.com.br";"UserMailbox"
"kaeliton.santos@cscpaulooctavio.com.br";"SharedMailbox"
"kaiky.oliveira@paulooctavio.com.br";"UserMailbox"
"kaio.fernandes@cscpaulooctavio.com.br";"UserMailbox"
"kalebe.rodrigues@principal.com.br";"UserMailbox"
"karen.vieira@jkshoppingdf.com.br";"UserMailbox"
"karine.monteiro@brasiliashopping.com.br";"UserMailbox"
"karine.melo@terracoshopping.com.br";"UserMailbox"
"karinna.carvalho@paulooctavio.com.br";"UserMailbox"
"katarina.silva@poenergy.com.br";"UserMailbox"
"kattyanny.bento@terracoshopping.com.br";"UserMailbox"
"tecnico.aluguel@paulooctavio.com.br";"UserMailbox"
"keila.silva@cscpaulooctavio.com.br";"UserMailbox"
"keila.silva@taguatingashopping.com.br";"SharedMailbox"
"keilane.sousa@terracoshopping.com.br";"UserMailbox"
"kelly.oliveira@jkshoppingdf.com.br";"SharedMailbox"
"kelly.sousa@cscpaulooctavio.com.br";"UserMailbox"
"kelsiane.amorim@tgs.com.br";"SharedMailbox"
"kely.teixeira@paulooctavio.com.br";"UserMailbox"
"kenia.silva@brasiliashopping.com.br";"UserMailbox"
"kesia.ferreira@principal.com.br";"UserMailbox"
"ketlle.amorim@manhattanshopping.com.br";"UserMailbox"
"kevyn.abreu@terracoshopping.com.br";"UserMailbox"
"keylla.menescal@jkshoppingdf.com.br";"UserMailbox"
"khevin.sampaio@paulooctavio.com.br";"UserMailbox"
"laiane.freire@terracoshopping.com.br";"UserMailbox"
"lais.carvalho@paulooctavio.com.br";"SharedMailbox"
"lais.torres@pomidia.com.br";"UserMailbox"
"larissa.neves@paulooctavio.com.br";"UserMailbox"
"larissa.silva@paulooctavio.com.br";"UserMailbox"
"larissa.linhares@paulooctavio.com.br";"UserMailbox"
"larissa.almeida@jkshoppingdf.com.br";"UserMailbox"
"larissa.pessoa@paulooctavio.com.br";"SharedMailbox"
"layane.silva@cscpaulooctavio.com.br";"UserMailbox"
"leandro.cantalice@principal.com.br";"UserMailbox"
"leandro.couri@paulooctavio.com.br";"UserMailbox"
"leandro.sousa@cscpaulooctavio.com.br";"SharedMailbox"
"leandro.marques@paulooctavio.com.br";"UserMailbox"
"leandro.martins@paulooctavio.com.br";"UserMailbox"
"leonardo.motta@principal.com.br";"UserMailbox"
"leonardo.sousa@brasiliashopping.com.br";"SharedMailbox"
"leticia.pimentel@paulooctavio.com.br";"UserMailbox"
"leticia.silva@paulooctavio.com.br";"UserMailbox"
"leticia.souza@manhattanshopping.com.br";"SharedMailbox"
"leticia.alves@paulooctavio.com.br";"UserMailbox"
"leticia.marinos@pomidia.com.br";"SharedMailbox"
"leticia.flor@brasiliashopping.com.br";"UserMailbox"
"leticia.meneses@paulooctavio.com.br";"UserMailbox"
"liliane.porto@terracoshopping.com.br";"UserMailbox"
"liliane.togo@terracoshopping.com.br";"UserMailbox"
"liliane.melo@brasiliashopping.com.br";"UserMailbox"
"liliane.togo@brasiliashopping.com.br";"SharedMailbox"
"liliane.kakumori@cscshoppingspaulooctavio.com.br";"SharedMailbox"
"limpeza@jkshoppingdf.com.br";"SharedMailbox"
"limpeza@tgs.com.br";"UserMailbox"
"limpeza@terracoshopping.com.br";"SharedMailbox"
"loana.carvalho@tgs.com.br";"UserMailbox"
"lois.souza@manhattanshopping.com.br";"UserMailbox"
"loris.ferreira@paulooctavio.com.br";"UserMailbox"
"lorrany.leda@manhattanshopping.com.br";"SharedMailbox"
"louise.dourado@paulooctavio.com.br";"SharedMailbox"
"luan.araujo@taguatingashopping.com.br";"UserMailbox"
"luan.dias@tgs.com.br";"UserMailbox"
"luana.azevedo@paulooctavio.com.br";"UserMailbox"
"luana.nascimento@jkshoppingdf.com.br";"SharedMailbox"
"luana.pinho@brasiliashopping.com.br";"UserMailbox"
"luann.ferraz@paulooctavio.com.br";"UserMailbox"
"lucas.lima@superquadrasrecanto.com.br";"UserMailbox"
"lucas.oliveira@paulooctavio.com.br";"UserMailbox"
"lucas.neri@paulooctavio.com.br";"SharedMailbox"
"lucas.silva@jkshoppingdf.com.br";"SharedMailbox"
"lucas.reis@paulooctavio.com.br";"UserMailbox"
"lucas.honorio@terracoshopping.com.br";"UserMailbox"
"lucas.ribeiro@paulooctavio.com.br";"UserMailbox"
"lucas.dantas@brasiliashopping.com.br";"UserMailbox"
"lucas.teixeira@superquadrasrecanto.com.br";"UserMailbox"
"lucas.barbosa@paulooctavio.com.br";"UserMailbox"
"lucca.lima@cscpaulooctavio.com.br";"UserMailbox"
"luciana.souza@jkshoppingdf.com.br";"SharedMailbox"
"luciana.silva@terracoshopping.com.br";"UserMailbox"
"luciana.ferreira@taguatingashopping.com.br";"SharedMailbox"
"luciana.serpa@cscpaulooctavio.com.br";"UserMailbox"
"luciana.torres@brasiliashopping.com.br";"SharedMailbox"
"luciano.nascimento@paulooctavio.com.br";"UserMailbox"
"luciano.dias@superquadrasrecanto.com.br";"SharedMailbox"
"luciene.aguiar@paulooctavio.com.br";"UserMailbox"
"lui.guilherme@paulooctavio.com.br";"UserMailbox"
"luiz.rocco@superquadrasrecanto.com.br";"UserMailbox"
"luis.santos@tgs.com.br";"UserMailbox"
"luiz.oliani@paulooctavio.com.br";"UserMailbox"
"luiz.neto@jkshoppingdf.com.br";"UserMailbox"
"luiz.santos@paulooctavio.com.br";"UserMailbox"
"luiz.silveira@paulooctavio.com.br";"SharedMailbox"
"luiz.silva@paulooctavio.com.br";"UserMailbox"
"domenico@paulooctavio.com.br";"UserMailbox"
"creditoemfolha@paulooctavio.com.br";"UserMailbox"
"luiz.silva@terracoshopping.com.br";"SharedMailbox"
"luiz.lima@jkshoppingdf.com.br";"SharedMailbox"
"luiz.junior@paulooctavio.com.br";"SharedMailbox"
"lumara.rodrigues@jkshoppingdf.com.br";"UserMailbox"
"luzeni.oliveira@tgs.com.br";"UserMailbox"
"luzia.lira@brasiliashopping.com.br";"UserMailbox"
"magno.costa@paulooctavio.com.br";"UserMailbox"
"maicon.barros@paulooctavio.com.br";"UserMailbox"
"reuniaoadm@manhattanshopping.com.br";"RoomMailbox"
"manoel.sousa@jkshoppingdf.com.br";"UserMailbox"
"manutencao.aluguel@paulooctavio.com.br";"SharedMailbox"
"manutencao@jkshoppingdf.com.br";"SharedMailbox"
"manutencao@manhattanshopping.com.br";"UserMailbox"
"manutencao@po700.com.br";"UserMailbox"
"manutencao@condominiosaus.com.br";"UserMailbox"
"marcela.machado@brasiliashopping.com.br";"SharedMailbox"
"marcela.lisboa@paulooctavio.com.br";"UserMailbox"
"marcelo.oliveira@superquadrasrecanto.com.br";"UserMailbox"
"marcelo.braga@paulooctavio.com.br";"UserMailbox"
"marcelo.capetta@paulooctavio.com.br";"UserMailbox"
"marcelo.sobrinho@paulooctavio.com.br";"SharedMailbox"
"marcelo.souza@jkshoppingdf.com.br";"UserMailbox"
"marcelo.junior@cscpaulooctavio.com.br";"UserMailbox"
"marcelo.mattos@cscpaulooctavio.com.br";"UserMailbox"
"marcia.silva@paulooctavio.com.br";"SharedMailbox"
"marcia.oliveira@terracoshopping.com.br";"UserMailbox"
"marcia.camargo@paulooctavio.com.br";"UserMailbox"
"marcia.gomes@terracoshopping.com.br";"SharedMailbox"
"marcia.soares@paulooctavio.com.br";"UserMailbox"
"marcilio.bione@paulooctavio.com.br";"UserMailbox"
"marcio.araujo@cscpaulooctavio.com.br";"UserMailbox"
"marcio.serpa@brasiliashopping.com.br";"SharedMailbox"
"marcio.alves@paulooctavio.com.br";"SharedMailbox"
"marcio.costa@paulooctavio.com.br";"UserMailbox"
"marcio.silva@brasiliashopping.com.br";"SharedMailbox"
"marcio.silva@cscpaulooctavio.com.br";"UserMailbox"
"marco.nogueira@paulooctavio.com.br";"UserMailbox"
"marcone_maciel@paulooctavio.com.br";"SharedMailbox"
"marcos.soares@tgs.com.br";"UserMailbox"
"marcos.silva@terracoshopping.com.br";"SharedMailbox"
"marcos.atayde@tgs.com.br";"UserMailbox"
"marcos.frazao@paulooctavio.com.br";"UserMailbox"
"marcos.bueno@paulooctavio.com.br";"UserMailbox"
"marcos.melo@paulooctavio.com.br";"UserMailbox"
"marcos.meira@brasiliashopping.com.br";"SharedMailbox"
"marcos.gomes@terracoshopping.com.br";"UserMailbox"
"marcos.gomes@cscshoppingspaulooctavio.com.br";"SharedMailbox"
"marcos.magalhaes@paulooctavio.com.br";"UserMailbox"
"marcus.martins@paulooctavio.com.br";"UserMailbox"
"marcus.ribeiro@paulooctavio.com.br";"UserMailbox"
"margareth.assuncao@paulooctavio.com.br";"UserMailbox"
"maria.tavares@jkshoppingdf.com.br";"UserMailbox"
"maria.silva@paulooctavio.com.br";"UserMailbox"
"dalvaneide.amorim@terracoshopping.com.br";"UserMailbox"
"maria.moura@brasiliashopping.com.br";"UserMailbox"
"maria.sousa@tgs.com.br";"SharedMailbox"
"maria.sousa@jkshoppingdf.com.br";"UserMailbox"
"maria.silva@jkshoppingdf.com.br";"UserMailbox"
"sumara.dornelas@cscpaulooctavio.com.br";"UserMailbox"
"maria.rodrigues@jkshoppingdf.com.br";"UserMailbox"
"mariana.heider@brasiliashopping.com.br";"SharedMailbox"
"mariana.duarte@paulooctavio.com.br";"UserMailbox"
"mariana.lais@paulooctavio.com.br";"SharedMailbox"
"mariana.laranjeira@paulooctavio.com.br";"UserMailbox"
"marilia.goulart@pomidia.com.br";"SharedMailbox"
"marina.rebelo@paulooctavio.com.br";"SharedMailbox"
"mariosergio.silva@paulooctavio.com.br";"UserMailbox"
"mario.usai@paulooctavio.com.br";"UserMailbox"
"marketing@paulooctavio.com.br";"SharedMailbox"
"marketing@jkshoppingdf.com.br";"UserMailbox"
"marketing@terracoshopping.com.br";"SharedMailbox"
"marketing@tgssolidario.com.br";"UserMailbox"
"marlene.neves@paulooctavio.com.br";"UserMailbox"
"marley.caldeira@paulooctavio.com.br";"UserMailbox"
"marta.vasconcelos@paulooctavio.com.br";"UserMailbox"
"mateus.marial@paulooctavio.com.br";"UserMailbox"
"matheus.bezerra@paulooctavio.com.br";"SharedMailbox"
"matheus.silva@manhattanshopping.com.br";"UserMailbox"
"matheus.barroso@jkshoppingdf.com.br";"SharedMailbox"
"mauro.perfeito@brasiliashopping.com.br";"UserMailbox"
"mayara.alcantara@jkshoppingdf.com.br";"SharedMailbox"
"mayce.tranquillini@tgs.com.br";"UserMailbox"
"mazili.rocha@paulooctavio.com.br";"UserMailbox"
"mega.cscpo@cscpaulooctavio.com.br";"SharedMailbox"
"mega.dev@cscpaulooctavio.com.br";"SharedMailbox"
"mega.dicom@paulooctavio.com.br";"SharedMailbox"
"mega.dicot@paulooctavio.com.br";"SharedMailbox"
"mega.diempc@paulooctavio.com.br";"SharedMailbox"
"mega.diempr@paulooctavio.com.br";"SharedMailbox"
"mega.dieng1@paulooctavio.com.br";"SharedMailbox"
"mega.dieng2@paulooctavio.com.br";"SharedMailbox"
"mega.dieng3@paulooctavio.com.br";"SharedMailbox"
"mega.dieng4@paulooctavio.com.br";"SharedMailbox"
"mega.dieng5@paulooctavio.com.br";"SharedMailbox"
"mega.dieng6@paulooctavio.com.br";"SharedMailbox"
"mega.diter@paulooctavio.com.br";"SharedMailbox"
"mega.ecap@paulooctavio.com.br";"SharedMailbox"
"mega.financeiro@paulooctavio.com.br";"SharedMailbox"
"mega.orcamento@paulooctavio.com.br";"SharedMailbox"
"mega.poenergy@poenergy.com.br";"SharedMailbox"
"mega.principal@paulooctavio.com.br";"SharedMailbox"
"mega.rec@superquadrasrecanto.com.br";"SharedMailbox"
"mega.securitizadora@paulooctavio.com.br";"SharedMailbox"
"mega.suprimentos@paulooctavio.com.br";"SharedMailbox"
"mega.diraf@paulooctavio.com.br";"SharedMailbox"
"michael.silva@paulooctavio.com.br";"SharedMailbox"
"michel.ribeiro@terracoshopping.com.br";"UserMailbox"
"michele.gomes@paulooctavio.com.br";"UserMailbox"
"michell.gomes@paulooctavio.com.br";"UserMailbox"
"michelle.amorim@paulooctavio.com.br";"SharedMailbox"
"michelle.santos@cscpaulooctavio.com.br";"UserMailbox"
"michelle.sousa@brasiliashopping.com.br";"UserMailbox"
"michelly.seltz@paulooctavio.com.br";"UserMailbox"
"miguel.pedroso@jkshoppingdf.com.br";"UserMailbox"
"mikael.rodriguez@paulooctavio.com.br";"UserMailbox"
"milena.cunha@paulooctavio.com.br";"UserMailbox"
"milton.junior@paulooctavio.com.br";"UserMailbox"
"miramar.nascimento@tgs.com.br";"SharedMailbox"
"mirely.pereira@paulooctavio.com.br";"SharedMailbox"
"mobilizadora@tgssolidario.com.br";"SharedMailbox"
"monaliza.maia@jkshoppingdf.com.br";"UserMailbox"
"monica.magalhaes@paulooctavio.com.br";"UserMailbox"
"monitoramento@cscshoppingspaulooctavio.com.br";"UserMailbox"
"murillo.santos@cscpaulooctavio.com.br";"SharedMailbox"
"murilo.garcia@paulooctavio.com.br";"UserMailbox"
"myllena.machado@paulooctavio.com.br";"UserMailbox"
"myllena.leite@pomidia.com.br";"UserMailbox"
"nadia.oliveira@tgs.com.br";"UserMailbox"
"nalbert.lima@paulooctavio.com.br";"SharedMailbox"
"noreply@paulooctavio.com.br";"UserMailbox"
"natalia.castro@paulooctavio.com.br";"UserMailbox"
"natanael.jales@paulooctavio.com.br";"UserMailbox"
"nathalia.presmic@pomidia.com.br";"SharedMailbox"
"nathan.nascimento@paulooctavio.com.br";"SharedMailbox"
"nayla.sousa@paulooctavio.com.br";"SharedMailbox"
"nei.sousa@paulooctavio.com.br";"UserMailbox"
"neide.louza@tgs.com.br";"UserMailbox"
"neivaldo.dourado@paulooctavio.com.br";"UserMailbox"
"nelson.junior@cscpaulooctavio.com.br";"UserMailbox"
"nestor.garcia@paulooctavio.com.br";"SharedMailbox"
"nfefinanceiro@cscpo.com.br";"SharedMailbox"
"nicole.silveira@cscpaulooctavio.com.br";"UserMailbox"
"nilson.morais@paulooctavio.com.br";"UserMailbox"
"noreply@taguatingashopping.com.br";"UserMailbox"
"noreply@cscpaulooctavio.com.br";"UserMailbox"
"noreply@jkshoppingdf.com.br";"SharedMailbox"
"notafiscal@cscpo.com.br";"UserMailbox"
"nubia.rocha@jkshoppingdf.com.br";"UserMailbox"
"opec@pomidia.com.br";"UserMailbox"
"opc@paulooctavio.com.br";"SharedMailbox"
"osiel.castro@terracoshopping.com.br";"UserMailbox"
"osvallindo.silva@terracoshopping.com.br";"UserMailbox"
"patricia.santos@paulooctavio.com.br";"UserMailbox"
"patricia.dias@jkshoppingdf.com.br";"SharedMailbox"
"patricia.floriano@paulooctavio.com.br";"SharedMailbox"
"patricia.silva@paulooctavio.com.br";"UserMailbox"
"patrick.damasceno@residenceoceania.com.br";"UserMailbox"
"patrick.sousa@paulooctavio.com.br";"UserMailbox"
"paula.matias@cscpaulooctavio.com.br";"SharedMailbox"
"paula.silva@paulooctavio.com.br";"UserMailbox"
"paula.nunes@paulooctavio.com.br";"SharedMailbox"
"paula.magalhaes@paulooctavio.com.br";"UserMailbox"
"paulo.souza@paulooctavio.com.br";"UserMailbox"
"paulo.santana@brasiliashopping.com.br";"UserMailbox"
"paulo.sousa@tgs.com.br";"SharedMailbox"
"p.o@paulooctavio.com.br";"UserMailbox"
"paulo.oliveira@paulooctavio.com.br";"UserMailbox"
"paulo.pereira@paulooctavio.com.br";"UserMailbox"
"paulo.arruda@tgs.com.br";"UserMailbox"
"paulo.soares@jkshoppingdf.com.br";"UserMailbox"
"paulooctavioaluguel-site@paulooctavio.com.br";"UserMailbox"
"pedro.dias@paulooctavio.com.br";"UserMailbox"
"pedro.avila@paulooctavio.com.br";"SharedMailbox"
"pedro.paim@terracoshopping.com.br";"SharedMailbox"
"pedro.queiroz@cscpaulooctavio.com.br";"UserMailbox"
"pedro.batista@paulooctavio.com.br";"UserMailbox"
"pedro.machado@cscpaulooctavio.com.br";"SharedMailbox"
"pedro.barbosa@paulooctavio.com.br";"SharedMailbox"
"pedro.medeiros@paulooctavio.com.br";"UserMailbox"
"pedro.silva@cscpaulooctavio.com.br";"SharedMailbox"
"person.vieira@paulooctavio.com.br";"SharedMailbox"
"phelipe.lopo@jkshoppingdf.com.br";"UserMailbox"
"pietra.araujo@paulooctavio.com.br";"UserMailbox"
"pietro.araujo@poenergy.com.br";"UserMailbox"
"piter.silva@terracoshopping.com.br";"UserMailbox"
"auditorio@po700.com.br";"UserMailbox"
"pollianna.santos@paulooctavio.com.br";"SharedMailbox"
"pollyana.mota@paulooctavio.com.br";"UserMailbox"
"polyana.ferreira@cscshoppingspaulooctavio.com.br";"SharedMailbox"
"portaldocliente@paulooctavio.com.br";"UserMailbox"
"portalrh@cscpaulooctavio.com.br";"UserMailbox"
"portalrh@paulooctavio.com.br";"UserMailbox"
"priscila.xavier@jkshoppingdf.com.br";"UserMailbox"
"priscilla.lacerda@jkshoppingdf.com.br";"UserMailbox"
"processos@cscpaulooctavio.com.br";"UserMailbox"
"rafael.honorato@paulooctavio.com.br";"UserMailbox"
"rafael.silva@paulooctavio.com.br";"UserMailbox"
"rafael.oliveira@brasiliashopping.com.br";"SharedMailbox"
"rafael.oliveira@cscpaulooctavio.com.br";"UserMailbox"
"rafael.medeiros@paulooctavio.com.br";"SharedMailbox"
"raimundo.sousa@paulooctavio.com.br";"UserMailbox"
"raissa.silva@brasiliashopping.com.br";"UserMailbox"
"ramon.maldonado@manhattanshopping.com.br";"UserMailbox"
"raphael.dantas@cscpaulooctavio.com.br";"UserMailbox"
"raquel.reis@paulooctavio.com.br";"UserMailbox"
"raquel.costa@cscpaulooctavio.com.br";"UserMailbox"
"raul.silva@paulooctavio.com.br";"SharedMailbox"
"rayanne.dourado@jkshoppingdf.com.br";"UserMailbox"
"rayssa.ribeiro@manhattanshopping.com.br";"SharedMailbox"
"recepcao@jkshoppingdf.com.br";"SharedMailbox"
"recepcao@manhattanshopping.com.br";"SharedMailbox"
"recepcao@brasiliashopping.com.br";"SharedMailbox"
"recepcao@numberonedf.com.br";"UserMailbox"
"recepcao@tgs.com.br";"SharedMailbox"
"recepcao@terracoshopping.com.br";"SharedMailbox"
"recepcao.torres@jkshoppingdf.com.br";"SharedMailbox"
"rh@cscpaulooctavio.com.br";"SharedMailbox"
"regimar.queiroz@jkshoppingdf.com.br";"UserMailbox"
"regina.costa@paulooctavio.com.br";"UserMailbox"
"regina.ferreira@cscpaulooctavio.com.br";"SharedMailbox"
"reginaldo.lima@jkshoppingdf.com.br";"SharedMailbox"
"rejane.santos@paulooctavio.com.br";"UserMailbox"
"relacionamento@poenergy.com.br";"UserMailbox"
"renan.sousa@superquadrasrecanto.com.br";"UserMailbox"
"renan.silva@jkshoppingdf.com.br";"SharedMailbox"
"renan.silva@brasiliashopping.com.br";"SharedMailbox"
"renan.marinho@paulooctavio.com.br";"UserMailbox"
"renan.silva@paulooctavio.com.br";"SharedMailbox"
"renata.melo@manhattanshopping.com.br";"UserMailbox"
"renata.silva@pomidia.com.br";"UserMailbox"
"renata.gomes@brasiliashopping.com.br";"UserMailbox"
"renata.monnerat@brasiliashopping.com.br";"UserMailbox"
"rh.atendimento@cscshoppingspaulooctavio.com.br";"SharedMailbox"
"rh@paulooctavio.com.br";"UserMailbox"
"Rhuan.sousa@cscpaulooctavio.com.br";"UserMailbox"
"ricardo.passos@paulooctavio.com.br";"UserMailbox"
"ricardo.cerqueira@paulooctavio.com.br";"UserMailbox"
"ricardo.vieira@pomidia.com.br";"UserMailbox"
"ricardo.vieira@taguatingashopping.com.br";"SharedMailbox"
"ricardo.montenegro@paulooctavio.com.br";"UserMailbox"
"ricardo.vieira@terracoshopping.com.br";"UserMailbox"
"ricardo.vieira@brappas.com.br";"SharedMailbox"
"rober.silva@paulooctavio.com.br";"SharedMailbox"
"robert.azevedo@paulooctavio.com.br";"SharedMailbox"
"roberta.madeiro@paulooctavio.com.br";"SharedMailbox"
"roberto.morais@cscpaulooctavio.com.br";"UserMailbox"
"robson.santos@jkshoppingdf.com.br";"UserMailbox"
"rodrigo.melo@paulooctavio.com.br";"UserMailbox"
"rodrigo.avelino@paulooctavio.com.br";"UserMailbox"
"rodrigo.silva@jkshoppingdf.com.br";"SharedMailbox"
"rodrigo.albuquerque@tgs.com.br";"UserMailbox"
"rodrigo.ferreira@paulooctavio.com.br";"SharedMailbox"
"rogerio.leao@pomidia.com.br";"UserMailbox"
"rogerio.almeida@paulooctavio.com.br";"UserMailbox"
"rogerio.crispim@paulooctavio.com.br";"SharedMailbox"
"rogerio.leao@paulooctavio.com.br";"UserMailbox"
"rogerio.silva@jkshoppingdf.com.br";"UserMailbox"
"ronald.silva@paulooctavio.com.br";"UserMailbox"
"ronald.pires@paulooctavio.com.br";"UserMailbox"
"ronaldo@principal.com.br";"UserMailbox"
"ronaldo.junior@paulooctavio.com.br";"SharedMailbox"
"ronyere.souza@paulooctavio.com.br";"UserMailbox"
"rosana.magalhaes@tgs.com.br";"SharedMailbox"
"rose.brinck@paulooctavio.com.br";"UserMailbox"
"rossiane.cipriano@jkshoppingdf.com.br";"SharedMailbox"
"ruan.costa@taguatingashopping.com.br";"UserMailbox"
"ruth.alencar@terracoshopping.com.br";"UserMailbox"
"ruthneia.candeias@terracoshopping.com.br";"UserMailbox"
"sabrina.albuquerque@paulooctavio.com.br";"UserMailbox"
"sac@manhattanshopping.com.br";"UserMailbox"
"sac@taguatingashopping.com.br";"UserMailbox"
"sac@terracoshopping.com.br";"SharedMailbox"
"sal@manhattanshopping.com.br";"UserMailbox"
"samanta.carvalho@cscpaulooctavio.com.br";"SharedMailbox"
"samara.ribeiro@cscpaulooctavio.com.br";"UserMailbox"
"samara.santiago@brasiliashopping.com.br";"UserMailbox"
"samuel.alves@cscpaulooctavio.com.br";"UserMailbox"
"samuel@jkshoppingdf.com.br";"SharedMailbox"
"samuel.costa@jkshoppingdf.com.br";"SharedMailbox"
"samuel.costa@cscshoppingspaulooctavio.com.br";"UserMailbox"
"samuel.silva@cscpaulooctavio.com.br";"UserMailbox"
"sandra.barbosa@paulooctavio.com.br";"UserMailbox"
"sandra.rodrigues@cscshoppingspaulooctavio.com.br";"UserMailbox"
"sandro.siqueira@poenergy.com.br";"UserMailbox"
"sara.costa@paulooctavio.com.br";"SharedMailbox"
"sara.nunes@cscshoppingspaulooctavio.com.br";"SharedMailbox"
"sarah.vieira@cscpaulooctavio.com.br";"UserMailbox"
"saulo.santos@paulooctavio.com.br";"UserMailbox"
"sdr@poenergy.com.br";"UserMailbox"
"sebastiao.ovides@terracoshopping.com.br";"UserMailbox"
"seguranca@jkshoppingdf.com.br";"SharedMailbox"
"seguranca@taguatingashopping.com.br";"SharedMailbox"
"seguranca@terracoshopping.com.br";"SharedMailbox"
"selecao@cscpaulooctavio.com.br";"SharedMailbox"
"serena.vieira@poenergy.com.br";"UserMailbox"
"sergio.teixeira@tgs.com.br";"UserMailbox"
"sergio.chaves@paulooctavio.com.br";"UserMailbox"
"sac@brasiliashopping.com.br";"UserMailbox"
"servicomedico@paulooctavio.com.br";"SharedMailbox"
"sheila.lima@paulooctavio.com.br";"UserMailbox"
"sidney.pereira@pomidia.com.br";"SharedMailbox"
"silvio.santos@jkshoppingdf.com.br";"UserMailbox"
"simone.santos@paulooctavio.com.br";"SharedMailbox"
"sirley.fernandes@terracoshopping.com.br";"SharedMailbox"
"siscombustivel@cscpaulooctavio.com.br";"SharedMailbox"
"sitef@manhattanshopping.com.br";"SharedMailbox"
"sitefjk@jkshoppingdf.com.br";"SharedMailbox"
"social@jkshoppingdf.com.br";"SharedMailbox"
"sofia.souza@superquadrasrecanto.com.br";"UserMailbox"
"sofia.portugal@paulooctavio.com.br";"UserMailbox"
"softexpert@cscpo.com.br";"SharedMailbox"
"stefany.castro@cscpaulooctavio.com.br";"UserMailbox"
"supervisor.brappas@jkshoppingdf.com.br";"SharedMailbox"
"supervisor.brappas@taguatingashopping.com.br";"SharedMailbox"
"seguranca@manhattanshopping.com.br";"UserMailbox"
"suporte@poenergy.com.br";"UserMailbox"
"suprimentos@paulooctavio.com.br";"SharedMailbox"
"talita.monte@paulooctavio.com.br";"UserMailbox"
"taoame.faria@paulooctavio.com.br";"UserMailbox"
"tatiana.gomes@paulooctavio.com.br";"SharedMailbox"
"tatiane.wilson@paulooctavio.com.br";"UserMailbox"
"taylon.moura@paulooctavio.com.br";"UserMailbox"
"tayna.araujo@paulooctavio.com.br";"UserMailbox"
"teatro@brasiliashopping.com.br";"SharedMailbox"
"tedis.barbosa@paulooctavio.com.br";"SharedMailbox"
"terralloween@terracoshopping.com.br";"UserMailbox"
"thairyne.lima@terracoshopping.com.br";"SharedMailbox"
"thairyne.santos@manhattanshopping.com.br";"UserMailbox"
"thais.pimenta@cscpaulooctavio.com.br";"SharedMailbox"
"thalia.oliveira@brasiliashopping.com.br";"UserMailbox"
"thayna.santos@terracoshopping.com.br";"UserMailbox"
"thaynara.oliveira@paulooctavio.com.br";"SharedMailbox"
"thiago.santos@paulooctavio.com.br";"SharedMailbox"
"thiago.fonseca@terracoshopping.com.br";"UserMailbox"
"thiago.silva@principal.com.br";"UserMailbox"
"thiago.pereira@paulooctavio.com.br";"SharedMailbox"
"thiago.veras@paulooctavio.com.br";"SharedMailbox"
"tiago.alves@paulooctavio.com.br";"UserMailbox"
"tiago.silva@brappas.com.br";"SharedMailbox"
"tiago.silva@cscshoppingspaulooctavio.com.br";"SharedMailbox"
"tiago.silva@terracoshopping.com.br";"UserMailbox"
"tom.silva@jkshoppingdf.com.br";"SharedMailbox"
"torres@tgs.com.br";"UserMailbox"
"uendel.pereira@jkshoppingdf.com.br";"UserMailbox"
"vagas@superquadrasrecanto.com.br";"SharedMailbox"
"vaine.reis@cscpaulooctavio.com.br";"UserMailbox"
"valdane.barreto@paulooctavio.com.br";"SharedMailbox"
"valerio.santos@paulooctavio.com.br";"SharedMailbox"
"valmir.silva@taguatingashopping.com.br";"SharedMailbox"
"valterfran.vieira@brasiliashopping.com.br";"SharedMailbox"
"vanessa.sousa@brasiliashopping.com.br";"UserMailbox"
"administrativo@residenceoceania.com.br";"UserMailbox"
"vendas@paulooctavio.com.br";"SharedMailbox"
"verissimo.junior@cscpaulooctavio.com.br";"UserMailbox"
"victor.araujo@paulooctavio.com.br";"UserMailbox"
"victor.fernandes@paulooctavio.com.br";"UserMailbox"
"victor.coelho@paulooctavio.com.br";"SharedMailbox"
"victor.nascimento@paulooctavio.com.br";"UserMailbox"
"victoria.pimenta@terracoshopping.com.br";"SharedMailbox"
"vinicius.goncalves@principal.com.br";"UserMailbox"
"vinicius.dantas@tgs.com.br";"UserMailbox"
"vinicius.silva@paulooctavio.com.br";"UserMailbox"
"vinicius.pimenta@paulooctavio.com.br";"SharedMailbox"
"virginia.alves@jkshoppingdf.com.br";"SharedMailbox"
"vistoria.aluguel@paulooctavio.com.br";"SharedMailbox"
"vitor.quirino@tgs.com.br";"SharedMailbox"
"vitor.barbosa@superquadrasrecanto.com.br";"SharedMailbox"
"Vitor.martins@jkshoppingdf.com.br";"UserMailbox"
"vitor.mello@paulooctavio.com.br";"UserMailbox"
"vitor.galvao@tgs.com.br";"UserMailbox"
"vitoria.santos@taguatingashopping.com.br";"UserMailbox"
"vitoria.prado@cscpaulooctavio.com.br";"UserMailbox"
"vivian.santos@cscpaulooctavio.com.br";"UserMailbox"
"volnei.costa@terracoshopping.com.br";"SharedMailbox"
"volnei.rocha@tgs.com.br";"UserMailbox"
"walter.figueiredo@poenergy.com.br";"UserMailbox"
"wanderson.monteiro@paulooctavio.com.br";"UserMailbox"
"wanderson.santos@paulooctavio.com.br";"UserMailbox"
"washington.luke@paulooctavio.com.br";"SharedMailbox"
"welismar.braga@paulooctavio.com.br";"SharedMailbox"
"wellington.oliveira@manhattanshopping.com.br";"UserMailbox"
"wellington.silva@paulooctavio.com.br";"SharedMailbox"
"wesley.fernandes@paulooctavio.com.br";"UserMailbox"
"wesley.ribeiro@paulooctavio.com.br";"UserMailbox"
"wesley.veras@paulooctavio.com.br";"UserMailbox"
"weverson.pinheiro@paulooctavio.com.br";"UserMailbox"
"william.castro@paulooctavio.com.br";"UserMailbox"
"william.portela@manhattanshopping.com.br";"UserMailbox"
"willian.lima@cscpaulooctavio.com.br";"UserMailbox"
"wilmar.junior@jkshoppingdf.com.br";"UserMailbox"
"wilton.salvador@paulooctavio.com.br";"SharedMailbox"
"yan.crispim@jkshoppingdf.com.br";"SharedMailbox"
"yasmin.santos@terracoshopping.com.br";"UserMailbox"
"ygor.franca@tgs.com.br";"SharedMailbox"
"ygor.crizanto@paulooctavio.com.br";"UserMailbox"
"ygor.vieira@brasiliashopping.com.br";"UserMailbox"
"ygor.silva@paulooctavio.com.br";"UserMailbox"
"yorrana.oliveira@paulooctavio.com.br";"UserMailbox"
"yuri.menezes@paulooctavio.com.br";"UserMailbox"
"yuri.silva@cscpaulooctavio.com.br";"SharedMailbox"
